Condo/Co-op,Plan 6 Plan,Sunnyvale,94089,1804990,3,3.5,Sunnyvale,1844
Condo/Co-op,188 W Saint James St #11004,San Jose,95110,890000,2,2.0,SAN JOSE,1135
Other,746 Tunitas Creek Rd,Half Moon Bay,94019,3436400,3,2.0,HALF MOON BAY,1608
Single Family Residential,3886 Ross Rd,Palo Alto,94303,6188000,5,5.5,PALO ALTO,3669
Multi-Family (5+ Unit),160 N Claremont St,San Mateo,94401,1900000,9,5.0,SAN MATEO,4145
Condo/Co-op,200 Brannan St #407,San Francisco,94107,1349000,2,2.0,SF District 9,1525
Condo/Co-op,38228 Paseo Padre Pkwy #24,Fremont,94536,599000,2,2.0,FREMONT,933
Townhouse,92 Ryland Park Way,San Jose,95110,1128000,3,2.5,CENTRAL SAN JOSE,1512
Condo/Co-op,520 Chestnut St #301,San Francisco,94133,859000,1,1.0,SF District 8,868
Condo/Co-op,2040 Franklin St #1209,San Francisco,94109,1395000,2,2.0,SF District 7,1177
Single Family Residential,918 Fleetwood Dr,San Mateo,94402,1698000,3,2.0,SAN MATEO,1890
Townhouse,43354 Banda Ter,Fremont,94539,1588000,3,2.5,ANTELOPE HILLS,1768
Townhouse,545 Saco Ter,Sunnyvale,94089,1398000,3,2.5,SUNNYVALE,1554
Condo/Co-op,870 Fremont St #106,Santa Clara,95050,998000,2,2.5,SANTA CLARA,1408
Condo/Co-op,2200 Agnew Rd #212,Santa Clara,95054,725000,2,2.0,Santa Clara,1048
Mobile/Manufactured Home,1075 Space Park Way #66,Mountain View,94043,290000,2,1.0,MOUNTAIN VIEW,860
Single Family Residential,1114 Orchid Dr,Sunnyvale,94086,2799999,4,3.0,SUNNYVALE,2114
Single Family Residential,245 Silver Ave,San Francisco,94112,1688888,5,3.0,SAN FRANCISCO,2535
Townhouse,Plan C Plan,San Mateo,94403,1724990,3,3.0,San Mateo,1571
Mobile/Manufactured Home,1201 Sycamore Ter #19,Sunnyvale,94086,284900,2,2.0,SUNNYVALE,920
Mobile/Manufactured Home,433 Sylvan Ave #112,Mountain View,94041,335900,2,2.0,MOUNTAIN VIEW,1100
Condo/Co-op,1730 Halford Ave #353,Santa Clara,95051,449000,1,1.0,SANTA CLARA,678
Mobile/Manufactured Home,2574 E Whispering Hills Cir #2574,San Jose,95148,629900,3,2.0,SAN JOSE,1584
Condo/Co-op,308 Torrey Pine Ter,Sunnyvale,94086,1699995,3,2.5,Sunnyvale,1964
Condo/Co-op,455 Eureka St,San Francisco,94114,2595000,3,3.0,SF District 5,2436
Single Family Residential,35978 Green St,Union City,94587,1895000,4,2.5,Not Listed,2250
Condo/Co-op,400 Siam Ter #6,Sunnyvale,94089,1390434,2,2.0,Sunnyvale,1185
Single Family Residential,1534 26th Ave,San Francisco,94122,1385000,3,1.0,SF District 2,1485
Multi-Family (5+ Unit),3946-3954 17th St,San Francisco,94114,2395000,15,3.0,SF District 5,6996
Single Family Residential,526 Leland Ave,San Francisco,94134,899000,2,1.0,SF District 10,960
Condo/Co-op,1853 Almaden Rd #508,San Jose,95125,848800,2,2.0,SAN JOSE,1119
Townhouse,472 N Winchester Blvd #4,Santa Clara,95050,1150000,3,2.5,SANTA CLARA,1577
Single Family Residential,5072 Yorkton Way,San Jose,95130,2698000,4,3.5,SAN JOSE,1907
Single Family Residential,1067 Scott Blvd,Santa Clara,95050,1538888,3,1.0,SANTA CLARA,1319
Townhouse,15 Terfidia Ln,Milpitas,95035,988800,3,2.5,MILPITAS,1428
Condo/Co-op,120 Landers St Unit D,San Francisco,94114,1350000,2,2.0,SF District 5,1145
Condo/Co-op,505 Cypress Point Dr #52,Mountain View,94043,599000,1,1.0,MOUNTAIN VIEW,662
Condo/Co-op,1450 Franklin St #602,San Francisco,94109,1450000,2,2.0,SF District 8,1338
Mobile/Manufactured Home,690 Persian Dr #31,Sunnyvale,94089,249900,2,2.0,SUNNYVALE,1458
Condo/Co-op,Odin Plan,Milpitas,95035,1594995,4,3.5,Milpitas,2079
Mobile/Manufactured Home,510 Saddlebrook Dr #315,San Jose,95136,559900,3,2.0,SAN JOSE,1525
Single Family Residential,50 Poinsettia Ave,San Mateo,94403,1688000,3,2.0,San Mateo Village/Glendale Village,1280
Single Family Residential,1674 Nugget Ct,San Jose,95127,1149000,4,2.0,SAN JOSE,1353
Multi-Family (2-4 Unit),1249 9th Ave,San Francisco,94122,1800000,3,2.0,SF District 2,1830
Single Family Residential,134 Staples Ave,San Francisco,94112,1249000,2,2.0,SF District 4,1370
Townhouse,19960 Brenda Ct,Cupertino,95014,1448000,2,2.5,CUPERTINO,1343
Single Family Residential,1503 Timber Creek Dr,San Jose,95131,1590000,4,2.5,SAN JOSE,1793
Single Family Residential,32 Nebraska St,San Francisco,94110,1195000,2,2.0,SF District 9,1172
Condo/Co-op,Plan 1A Plan,Sunnyvale,94089,1294990,2,2.0,Sunnyvale,1185
Condo/Co-op,5558 Judith St #1,San Jose,95123,520000,2,1.0,SAN JOSE,903
Multi-Family (2-4 Unit),647-649 Jackson St,Santa Clara,95050,1350000,4,2.0,SANTA CLARA,1498
Single Family Residential,3001 San Jose Vineyard Ct,San Jose,95136,1499000,4,3.5,SAN JOSE,2153
Single Family Residential,1458 Bellemeade St,San Jose,95131,2280000,5,3.0,SAN JOSE,2410
Townhouse,379 Lundy Pl,Milpitas,95035,1299999,3,3.0,MILPITAS,1618
Condo/Co-op,1 Baldwin Ave #721,San Mateo,94401,248888,1,1.0,SAN MATEO,800
Condo/Co-op,400 Siam Trl #9,Sunnyvale,94089,1303958,2,2.0,Sunnyvale,1185
Single Family Residential,1531 41st Ave,San Francisco,94122,1100000,3,2.0,SAN FRANCISCO,1500
Condo/Co-op,252 Sequim Cmn,Fremont,94539,698000,2,2.0,WARM SPRINGS,897
Condo/Co-op,Plan 1B Plan,Sunnyvale,94089,1274990,2,2.0,Sunnyvale,1174
Single Family Residential,30 Winter Pl,San Francisco,94133,2498000,3,2.5,SF District 8,1625
Condo/Co-op,Plan 2A Plan,Sunnyvale,94089,1404990,2,2.0,Sunnyvale,1357
Condo/Co-op,Plan 3A Plan,Sunnyvale,94089,1414990,2,2.0,Sunnyvale,1360
Townhouse,739 Santa Cecilia Ter,Sunnyvale,94085,1899000,4,3.5,SUNNYVALE,2333
Townhouse,4555 Capitol Reef Ct,San Jose,95136,972999,3,2.5,SAN JOSE,1496
Townhouse,21101 White Fir Ct,Cupertino,95014,1295000,3,2.0,Cupertino,1202
Single Family Residential,Plan 2 Plan,San Mateo,94403,2634990,4,3.5,San Mateo,2300
Condo/Co-op,260 King #865,San Francisco,94107,875000,2,2.0,MISSION BAY,1083
Mobile/Manufactured Home,433 Sylvan Ave #84,Mountain View,94041,349900,2,2.0,MOUNTAIN VIEW,1456
Multi-Family (2-4 Unit),816 Opal Dr,San Jose,95117,1800000,7,4.0,SAN JOSE,2686
Condo/Co-op,175 W Saint James #708,San Jose,95110,799000,2,2.0,San Jose,1103
Single Family Residential,3573 Amber Dr,San Jose,95117,1998000,4,3.0,SAN JOSE,2407
Condo/Co-op,39931 Cedar Blvd #114,Newark,94560,615000,2,2.0,Newark,1071
Condo/Co-op,113 Mohave Cmn #24,Fremont,94539,749000,2,2.0,WARM SPRINGS,1200
Condo/Co-op,5183 Cribari Knls,San Jose,95135,529000,2,2.0,SAN JOSE,1223
Condo/Co-op,1001 Pine St #911,San Francisco,94109,449000,0,1.0,SF District 8,450
Condo/Co-op,400 Mariners Island Blvd #119,San Mateo,94404,1308888,3,2.0,San Mateo,1425
Condo/Co-op,1458 Hudson St #310,Redwood City,94061,590000,1,1.0,REDWOOD CITY,710
Single Family Residential,1234 Francisco St #4,San Francisco,94123,1195000,2,2.0,SF District 7,1066
Multi-Family (2-4 Unit),920-926 Guerrero St,San Francisco,94110,1700000,5,3.0,SF District 5,2795
Townhouse,346 S Willard Ave,San Jose,95126,599888,2,2.5,SAN JOSE,1024
Mobile/Manufactured Home,900 Golden Wheel #67,San Jose,95112,379950,3,2.0,Golden Wheel MHP,960
Single Family Residential,6224 Shadygrove Dr,Cupertino,95014,3298000,4,2.0,CUPERTINO,1564
Mobile/Manufactured Home,510 Saddlebrook Dr #74,San Jose,95136,499900,3,2.0,SAN JOSE,1242
Single Family Residential,2085 Ocean Ave,San Francisco,94127,1999888,5,4.0,SF District 4,2748
Multi-Family (5+ Unit),928 Ravenscourt Ave,Campbell,95128,2980000,16,8.0,CAMPBELL,6656
Single Family Residential,210 Uplands Dr,Hillsborough,94010,14999000,6,4.5,HILLSBOROUGH,5030
Mobile/Manufactured Home,2542 Barclay Ave #122,Union City,94587,379900,3,2.0,CENTRAL PARK WEST,1456
Condo/Co-op,1001 17th St #302,San Francisco,94107,3000,1,1.0,SF District 9,535
Mobile/Manufactured Home,1225 Vienna Dr #730,Sunnyvale,94089,334900,2,3.0,SUNNYVALE,1580
Mobile/Manufactured Home,162 Quail Hollow Dr #162,San Jose,95128,459900,3,2.0,SAN JOSE,1891
Condo/Co-op,188 Minna St Unit 36D,San Francisco,94105,3400000,2,2.5,SF District 9,1792
Condo/Co-op,Plan 3B Plan,Sunnyvale,94089,1379990,2,2.0,Sunnyvale,1304
Multi-Family (2-4 Unit),2427 Turk Blvd,San Francisco,94118,2299000,3,3.5,SF District 1,4022
Single Family Residential,3535 Webster St #3533,San Francisco,94123,3650000,6,3.0,SAN FRANCISCO,4014
Multi-Family (2-4 Unit),527 Hazel Dell Way,San Jose,95129,1898000,4,2.0,San Jose,1838
Condo/Co-op,Leona Plan,Milpitas,95035,1589995,4,3.0,Milpitas,1964
Single Family Residential,36578 Deborah St,Newark,94560,1049999,3,1.0,NEWARK,942
Condo/Co-op,39931 Cedar Blvd #216,Newark,94560,598000,2,2.0,MURIETTA,1071
Condo/Co-op,264 Tradewinds Ct #2,San Jose,95123,525000,2,1.0,SAN JOSE,903
Condo/Co-op,550 South Van Ness Ave #409,San Francisco,94110,600000,1,1.0,SF District 9,800
Multi-Family (2-4 Unit),571 36th Ave,San Francisco,94121,1435000,4,4.0,SF District 1,2900
Single Family Residential,2450 Mclaughlin Ave,San Jose,95121,3599888,3,1.0,San Jose,1300
Mobile/Manufactured Home,690 Persian #46,Sunnyvale,94089,229500,3,2.0,SUNNYVALE,1680
Mobile/Manufactured Home,80 Quail Hollow Dr #80,San Jose,95128,300000,2,2.0,SAN JOSE,1457
Condo/Co-op,425 1st St #4208,San Francisco,94105,1249000,1,1.0,SF District 9,755
Condo/Co-op,197 E Warren Cmn,Fremont,94539,799000,3,2.0,WARM SPRINGS,1204
Multi-Family (2-4 Unit),2808 Devonshire Ave,Redwood City,94063,899000,2,2.0,REDWOOD CITY,1134
Single Family Residential,151 Coleridge St,San Francisco,94110,1450000,3,2.0,SF District 9,1340
Mobile/Manufactured Home,485 MILL POND #285,San Jose,95125,279000,2,2.0,SAN JOSE,1440
Townhouse,1076 Aster Ave,Sunnyvale,94086,1798000,3,2.5,SUNNYVALE,1760
Condo/Co-op,615 Port Dr #107,San Mateo,94404,949500,3,2.0,San Mateo,1313
Townhouse,1359 Highland Ct,Milpitas,95035,798000,3,1.5,MILPITAS,1216
Single Family Residential,1336 Petal Way,San Jose,95129,2395000,4,2.0,SAN JOSE,1415
Single Family Residential,4334 Bolina Dr,Union City,94587,1999888,4,3.0,PONDEROSA LANDNG,2415
Single Family Residential,1979 Momentum Dr,Milpitas,95035,1688000,3,3.5,MILPITAS,2497
Single Family Residential,443 Calero Ave,San Jose,95123,1400000,3,2.0,BLOSSOM VALLEY,1342
Condo/Co-op,201 Harrison St #910,San Francisco,94105,899000,1,1.0,SF District 9,661
Condo/Co-op,170 King St #211,San Francisco,94107,870000,2,2.0,SF District 9,900
Condo/Co-op,979 Gilchrist Dr #1,San Jose,95133,549000,2,1.0,SAN JOSE,810
Condo/Co-op,37311 Aspenwood Cmn #103,Fremont,94536,499000,2,2.0,MEADOWBROOK,990
Single Family Residential,358 Wheat Grass Ter,Fremont,94539,1698000,4,2.5,FREMONT,1785
Multi-Family (5+ Unit),385 E San Fernando St,San Jose,95112,1750000,11,7.0,SAN JOSE,5020
Condo/Co-op,155 N El Camino Real #35,San Mateo,94401,699000,2,1.0,San Mateo,860
Single Family Residential,5495 Saint Laurent Ct,San Jose,95127,1988000,4,3.0,SAN JOSE,2612
Condo/Co-op,320 Auburn Way #25,San Jose,95129,598000,2,1.0,SAN JOSE,924
Single Family Residential,245 Bayview Cir,San Francisco,94124,918888,2,2.0,SAN FRANCISCO,1317
Condo/Co-op,928 Wright Ave #1005,Mountain View,94043,1250000,2,2.0,MOUNTAIN VIEW,1183
Other,119 E Poplar Ave,San Mateo,94401,1828000,6,3.0,SAN MATEO,1940
Townhouse,36 Rebecca Ln,San Francisco,94124,729000,2,2.0,SAN FRANCISCO,1255
Single Family Residential,9040 Enterprise Dr,Newark,94560,1459880,3,3.5,Newark,2152
Condo/Co-op,8461 Traminer Ct,San Jose,95135,819988,2,2.0,SAN JOSE,1646
Townhouse,Residence 3B Plan,Fremont,94538,1223880,2,2.5,Fremont,1447
Condo/Co-op,37466 Parish Cir Unit 19H,Fremont,94536,639900,2,2.0,FREMONT,942
Townhouse,Vida Plan 5 Plan,Sunnyvale,94087,1608000,3,3.0,Sunnyvale,1618
Condo/Co-op,3578 Rambla Pl #133,Santa Clara,95051,1588000,1,1.5,LAWRENCE,1840
Condo/Co-op,38500 Paseo Padre Pkwy #215,Fremont,94536,575000,2,1.0,PARKMONT,950
Condo/Co-op,1 Baldwin Ave #1008,San Mateo,94401,329000,2,2.0,SAN MATEO,1140
Condo/Co-op,1 Steuart Ln #803,San Francisco,94105,3695000,2,2.0,SF District 9,1834
Single Family Residential,36567 Darvon St,Newark,94560,1349000,3,2.0,NEWARK,1478
Single Family Residential,831 Oak St,San Francisco,94117,995000,3,2.0,SF District 6,973
Townhouse,658 Praderia Cir,Fremont,94539,1427888,2,2.5,MISSION SAN JOSE,1656
Condo/Co-op,2942 21st St,San Francisco,94110,1495000,2,2.5,SF District 9,1330
Single Family Residential,1513 Shaw Dr,San Jose,95118,1750000,3,2.0,SAN JOSE,1631
Single Family Residential,6202 Cahalan Ave,San Jose,95123,1499000,4,2.0,San Jose,1611
Single Family Residential,285 William Manly St,San Jose,95136,1488000,5,4.0,San Jose,2178
Condo/Co-op,273 Waters Park Cir,San Mateo,94403,1888000,4,2.5,SAN MATEO,1807
Single Family Residential,5951 Kyburz Pl,San Jose,95120,1995000,3,2.5,SAN JOSE,2535
Condo/Co-op,1853 Almaden Rd #210,San Jose,95125,739800,2,2.0,SAN JOSE,1003
Townhouse,1107 Artemesia Ter #4,Sunnyvale,94086,2070995,4,4.0,Sunnyvale,2219
Condo/Co-op,19999 Stevens Creek Blvd #307,Cupertino,95014,1098888,2,2.0,CUPERTINO,1192
Condo/Co-op,37478 Parish Cir Unit 19B,Fremont,94536,639900,2,2.0,FREMONT,942
Condo/Co-op,3073 Middlefield Rd #101,Palo Alto,94306,989000,1,1.0,PALO ALTO,876
Single Family Residential,627 Adams St,Redwood City,94061,1000000,2,2.0,REDWOOD CITY,1060
Single Family Residential,32728 Shaver Lake St,Fremont,94555,1938000,4,2.5,FREMONT,1889
Townhouse,3600 Braxton Cmn,Fremont,94538,1028000,2,2.5,FREMONT,1174
Single Family Residential,2562 Cherrywood Dr,Union City,94587,1575000,3,2.0,CREEKSIDE,1813
Condo/Co-op,3402 Pinewood Ter #212,Fremont,94536,399900,1,1.0,FREMONT,714
Multi-Family (2-4 Unit),7570 Snow Ave,Newark,94560,1088000,8,4.0,Newark,2787
Other,1156 S 8th St,San Jose,95112,995000,5,2.0,SAN JOSE,1617
Single Family Residential,2507 30th Ave,San Francisco,94116,1498000,4,3.5,SF District 2,2250
Townhouse,Plan 3BX Plan,Mountain View,94040,1753990,3,2.5,Mountain View,1528
Single Family Residential,22532 Stevens Creek Blvd,Cupertino,95014,3148888,4,4.0,CUPERTINO,2501
Condo/Co-op,1 Baldwin Ave #323,San Mateo,94401,599000,2,2.0,SAN MATEO,1429
Condo/Co-op,1000 North Point St #905,San Francisco,94109,530000,0,1.0,Russian Hill,354
Single Family Residential,777 Newell Rd,Palo Alto,94303,2998000,3,2.0,PALO ALTO,1816
Single Family Residential,18600 Barnhart Ave,Cupertino,95014,3988000,5,4.5,CUPERTINO,2972
Single Family Residential,132 San Ramon Dr,San Jose,95111,2100000,14,5.0,San Jose,4336
Single Family Residential,43637 Southerland Way,Fremont,94539,2699000,4,2.5,INVERNESS RIDGE,2388
Single Family Residential,3463 Meadowlands Ln,San Jose,95135,3500000,4,2.0,MEADOWLANDS,2242
Condo/Co-op,6268 Joaquin Murieta Ave Unit F,Newark,94560,575000,2,1.0,NEWARK,905
Townhouse,478 Marble Arch Ave,San Jose,95136,1198888,3,2.5,SAN JOSE,1983
Condo/Co-op,39975 Cedar Blvd #242,Newark,94560,599998,2,2.0,NEWARK,1071
Condo/Co-op,Plan 5 Plan,Sunnyvale,94089,1749990,3,2.5,Sunnyvale,1741
Mobile/Manufactured Home,690 Persian Dr #77,Sunnyvale,94089,200000,2,2.0,SUNNYVALE,1248
Townhouse,853 A Sierra Vista Ave,Mountain View,94043,2158000,4,3.5,MOUNTAIN VIEW,1850
Single Family Residential,2920 Sunset Ter,San Mateo,94403,1995000,3,2.0,SAN MATEO,1425
Condo/Co-op,2600 Cortez Dr #6202,Santa Clara,95051,615000,2,1.0,SANTA CLARA,712
Townhouse,Vida Plan 1 Plan,Sunnyvale,94087,1389000,2,2.5,Sunnyvale,1378
Mobile/Manufactured Home,726 Millstream Dr #726,San Jose,95125,259900,2,2.0,SAN JOSE,1383
Townhouse,4173 El Camino Real #44,Palo Alto,94306,1988000,3,3.5,PALO ALTO,2010
Condo/Co-op,176 Hackamore Cmn,Fremont,94539,649000,2,1.0,WARM SPRINGS,878
Single Family Residential,1518 Stafford St,Redwood City,94063,1350000,2,1.0,REDWOOD CITY,1005
Condo/Co-op,401 Crescent Ct #4301,San Francisco,94134,528000,1,1.0,SAN FRANCISCO,807
Mobile/Manufactured Home,394 Chateau La Salle Dr #394,San Jose,95111,369995,2,2.0,Not Listed,1344
Multi-Family (5+ Unit),1037 N 7th St,San Jose,95112,2150000,12,7.0,SAN JOSE,4065
Single Family Residential,1218 W Selby Ln,Redwood City,94061,3995000,4,3.5,REDWOOD CITY,3066
Single Family Residential,52 Park Belmont Pl,San Jose,95136,1649000,4,2.5,SAN JOSE,2124
Townhouse,133 Pacchetti Way,Mountain View,94040,1348000,2,2.5,MOUNTAIN VIEW,1080
Single Family Residential,1910 S White Rd,San Jose,95148,1199000,4,2.0,SAN JOSE,1564
Condo/Co-op,400 Grove St #209,San Francisco,94102,1100000,2,2.0,SF District 6,1012
Multi-Family (2-4 Unit),1182 Bismarck Dr,Campbell,95008,1575000,5,2.0,CAMPBELL,1790
Multi-Family (5+ Unit),420 S 7th St,San Jose,95112,1870000,11,6.0,SAN JOSE,4122
Single Family Residential,1467 Medallion Dr,San Jose,95120,2500000,4,2.5,SAN JOSE,2252
Townhouse,222 Verona Ct,Milpitas,95035,909990,2,2.0,Milpitas,1067
Townhouse,21401 Dana Point Ln,Cupertino,95014,2606990,4,3.5,Cupertino,2075
Townhouse,3388 Landess Ave Unit A,San Jose,95132,899888,3,1.5,SAN JOSE,1130
Single Family Residential,3811 Mckee Rd,San Jose,95127,1399999,4,2.0,SAN JOSE,1649
Condo/Co-op,1177 California St #1111,San Francisco,94108,399000,0,1.0,SF District 8,437
Single Family Residential,722 E 16th Ave,San Mateo,94402,2997000,6,4.5,SAN MATEO,3210
Single Family Residential,660 Cambridge Rd,Redwood City,94061,2498000,4,3.0,REDWOOD CITY,1980
Condo/Co-op,1862 Ellis St Unit B,San Francisco,94115,625000,2,1.0,SF District 6,875
Multi-Family (2-4 Unit),788 N 14th St,San Jose,95112,1325000,5,3.0,SAN JOSE,1717
Single Family Residential,2124 Old Calaveras,Milpitas,95035,9999999,5,5.5,MILPITAS,7000
Single Family Residential,619 26th Ave,San Mateo,94403,1800000,3,1.0,SAN MATEO,1370
Condo/Co-op,1853 Almaden Rd #204,San Jose,95125,789800,2,2.0,SAN JOSE,1067
Condo/Co-op,1A Plan,Sunnyvale,94086,898565,1,1.0,Sunnyvale,962
Townhouse,Plan 4BX Plan,Mountain View,94040,2039990,4,3.5,Mountain View,1697
Condo/Co-op,370 De Haro St Unit B4,San Francisco,94103,995000,1,2.0,SF District 9,1180
Condo/Co-op,5800 3rd St #1407,San Francisco,94124,735000,2,2.0,SAN FRANCISCO,1026
Condo/Co-op,5559 Russo Dr,San Jose,95118,490000,1,1.0,SAN JOSE,768
Condo/Co-op,730 Florida St #25,San Francisco,94110,1299000,2,2.5,SF District 9,1399
Single Family Residential,6642 Flanders Dr,Newark,94560,1490000,4,2.0,NEWARK,1438
Condo/Co-op,415 De Haro St #302,San Francisco,94107,975000,1,1.0,SF District 9,889
Condo/Co-op,201 Harrison St #710,San Francisco,94105,675000,2,2.0,SF District 9,797
Condo/Co-op,1591 Jackson St #302,San Francisco,94109,899000,1,1.0,SF District 8,967
Townhouse,37856 Bright Cmn,Fremont,94536,1350000,3,2.5,FREMONT,1717
Townhouse,Plan 4D Plan,Mountain View,94040,2039990,4,3.5,Mountain View,1749
Single Family Residential,1570 12th Ave,San Francisco,94122,2795000,4,2.5,SF District 2,2925
Condo/Co-op,161 California Ave Unit K206,Palo Alto,94306,1050000,2,1.5,PALO ALTO,1247
Single Family Residential,871 Corbett Ave,San Francisco,94131,1398000,3,2.0,SF District 5,1356
Condo/Co-op,2250 Monroe St #337,Santa Clara,95050,525000,1,1.0,SANTA CLARA,716
Single Family Residential,1162 Locust St,San Jose,95110,945000,4,2.0,SAN JOSE,1356
Multi-Family (2-4 Unit),730 Banff St,San Jose,95116,950000,4,2.0,SAN JOSE,1450
Condo/Co-op,181 Fremont St Unit 54L,San Francisco,94105,1045000,1,1.0,SF District 9,580
Single Family Residential,176 N 24th St,San Jose,95116,988888,3,2.0,SAN JOSE,1464
Single Family Residential,848 Jackson St,San Jose,95112,999000,2,1.0,DOWNTOWN,758
Condo/Co-op,1 Baldwin Ave #410,San Mateo,94401,299000,2,2.0,SAN MATEO,1300
Single Family Residential,727 S Almaden Ave,San Jose,95110,899900,3,2.0,SAN JOSE,904
Townhouse,1823 Passage St,Milpitas,95035,1311935,2,2.5,Milpitas,1271
Condo/Co-op,308 Torrey Pine Ter #511,Sunnyvale,94086,1482171,2,2.0,Sunnyvale,1471
Condo/Co-op,22330 Homestead Rd #116,Cupertino,95014,998000,2,2.0,Cupertino,1249
Condo/Co-op,125 Highland Ave,San Francisco,94110,798000,3,1.0,SF District 9,1064
Townhouse,2321 Ticonderoga Dr,San Mateo,94402,1125000,2,2.5,SAN MATEO,1470
Single Family Residential,1955 Stafford St,Santa Clara,95050,1875000,3,2.0,SANTA CLARA,1492
Condo/Co-op,1730 Halford Ave #253,Santa Clara,95051,449000,1,1.0,SANTA CLARA,678
Townhouse,Vida Plan 8 Plan,Sunnyvale,94087,1872500,4,3.0,Sunnyvale,2037
Single Family Residential,1026 Masonic Ave,San Francisco,94117,1299000,3,1.5,SF District 5,1752
Single Family Residential,2218 47th Ave,San Francisco,94116,1399000,3,2.0,SF District 2,1189
Condo/Co-op,1 Daniel Burnham Ct #507,San Francisco,94109,579000,0,1.0,SF District 8,586
Townhouse,1304 Barbet Cir #3,Sunnyvale,94087,1700000,3,3.0,SUNNYVALE,1740
Single Family Residential,2899 Mayglen Ct,San Jose,95133,1999999,4,2.5,SAN JOSE,1787
Condo/Co-op,482 Coyote Creek Cir,San Jose,95116,675000,2,2.0,SAN JOSE,849
Townhouse,3388 Landess Ave Unit B,San Jose,95132,690000,2,1.5,SAN JOSE,976
Condo/Co-op,34660 Tabu Ter,Fremont,94555,799000,2,2.0,ARDENWOOD AREA,934
Condo/Co-op,600 Alvarado St #4,San Francisco,94114,1785000,3,2.0,SF District 5,1775
Single Family Residential,1558 Cross Way,San Jose,95125,899000,3,1.0,San Jose,1080
Mobile/Manufactured Home,3015 E Bayshore Rd #211,Redwood City,94063,299000,3,2.0,REDWOOD CITY,983
Single Family Residential,1929 Bryant St,Palo Alto,94301,8995000,4,3.0,PALO ALTO,2200
Condo/Co-op,2857 S Bascom Ave #105,Campbell,95008,725000,2,2.0,Campbell,841
Single Family Residential,660 COLERIDGE Ave,Palo Alto,94301,8998000,7,7.5,PALO ALTO,7374
Single Family Residential,1436 Diamond St,San Francisco,94131,1795000,2,2.0,SF District 5,1312
Townhouse,868 Apollo Pl,Santa Clara,95051,1688680,3,3.5,SANTA CLARA,1820
Multi-Family (2-4 Unit),197-199 21st Ave,San Francisco,94121,1695000,4,2.0,SF District 1,2760
Single Family Residential,Meridian at McClellan Unit 1 Plan,Cupertino,95014,5100000,5,4.5,Cupertino,3867
Condo/Co-op,245 Shorebird Cir,Redwood City,94065,999000,3,2.0,REDWOOD CITY,1159
Single Family Residential,1037 E Taylor St,San Jose,95112,1199000,4,2.0,SAN JOSE,1405
Single Family Residential,407 Teresita Blvd,San Francisco,94127,1475000,2,3.0,SAN FRANCISCO,1661
Townhouse,2531 Village Dr,Union City,94587,870000,2,2.5,UNION CITY,1273
Single Family Residential,1415 Lochner Dr,San Jose,95127,1150000,4,2.0,SAN JOSE,1000
Single Family Residential,2418 Scanlan Pl,Santa Clara,95050,1800000,3,2.0,Santa Clara,1170
Single Family Residential,705 Ondina Dr,Fremont,94539,2799000,4,2.0,MISSION FREMONT,2093
Condo/Co-op,401 Crescent Ct #4206,San Francisco,94134,598000,2,2.0,BAYVIEW,935
Condo/Co-op,5677 Pandorea Ter,Newark,94560,1125000,3,3.0,NEWARK,1503
Single Family Residential,39519 Stevenson Pl,Fremont,94539,1495000,3,3.5,FREMONT,1660
Townhouse,707 Webster St,Palo Alto,94301,1888000,2,2.5,Palo Alto,1392
Single Family Residential,2905 Warburton Ave,Santa Clara,95051,1698800,4,2.0,SANTA CLARA,1596
Mobile/Manufactured Home,1358 Oakland Rd #109,San Jose,95112,329900,3,2.0,SAN JOSE,1120
Condo/Co-op,765 Market St Unit 34A,San Francisco,94103,6500000,4,4.5,SF District 9,4550
Single Family Residential,450 King St,Redwood City,94062,4300000,4,3.0,REDWOOD CITY,5092
Single Family Residential,313 Beacon Shores Dr,Redwood City,94065,1498000,2,2.5,REDWOOD CITY,1270
Condo/Co-op,1853 Almaden Rd #305,San Jose,95125,799800,2,2.0,SAN JOSE,1067
Mobile/Manufactured Home,1225 Vienna Dr #43,Sunnyvale,94089,299000,3,2.0,SUNNYVALE,1738
Condo/Co-op,1 Baldwin Ave #912,San Mateo,94401,159000,1,1.0,SAN MATEO,981
Single Family Residential,1822 Tustin Dr,San Jose,95122,1348888,5,3.0,SAN JOSE,1794
Single Family Residential,266 Appian Way,Union City,94587,1200000,5,2.0,SEVEN HILLS,1584
Single Family Residential,4420 Bidwell Dr,Fremont,94538,1299000,4,2.0,SUNDALE,1427
Single Family Residential,121 Peralta Ave,San Francisco,94110,1290000,3,2.0,SF District 9,1154
Mobile/Manufactured Home,2151 Oakland Rd #231,San Jose,95131,324999,3,2.0,SAN JOSE,1440
Single Family Residential,1236 Wisconsin St,San Francisco,94107,895000,3,2.0,SF District 9,956
Condo/Co-op,405 Dolores St #301,San Francisco,94110,1250000,2,2.0,SF District 5,1000
Townhouse,3489 Vision Cmn #1000,Fremont,94538,1198880,2,2.5,Fremont,1329
Condo/Co-op,39029 Guardino Dr #224,Fremont,94538,699000,2,2.0,Fremont,1053
Single Family Residential,185 Harcross Rd,Woodside,94062,4688000,4,3.0,WOODSIDE,3069
Townhouse,990 La Mesa Ter Unit D,Sunnyvale,94086,650000,2,1.0,SUNNYVALE,834
Multi-Family (2-4 Unit),4499 17th,San Francisco,94114,2999000,5,4.0,San Francisco,3878
Single Family Residential,100 Beacon Dr,Milpitas,95035,1937888,6,3.0,MILPITAS,1966
Single Family Residential,19600 Skyline Blvd,Woodside,94062,12000000,4,3.5,WOODSIDE,4230
Multi-Family (2-4 Unit),43110 Starr St,Fremont,94539,2999000,10,8.0,FREMONT,5660
Mobile/Manufactured Home,1225 Vienna Dr #130,Sunnyvale,94089,319900,3,2.0,SUNNYVALE,1440
Townhouse,804 Bond Pl,Santa Clara,95051,1450000,3,2.5,SANTA CLARA,1791
Single Family Residential,771 Barron Ave,Palo Alto,94306,5060000,4,4.5,PALO ALTO,2861
Mobile/Manufactured Home,6130 Monterey Hwy #217,San Jose,95138,390000,3,2.0,SAN JOSE,1503
Single Family Residential,119 Daphne Way,East Palo Alto,94303,1200000,4,2.0,East Palo Alto,1570
Condo/Co-op,4388 El Camino Real #338,Los Altos,94022,815000,1,1.0,Los Altos,787
Mobile/Manufactured Home,552 Millpond Dr #552,San Jose,95125,349900,3,2.0,SAN JOSE,1440
Condo/Co-op,308 Torrey Pine Ter #517,Sunnyvale,94086,1013365,1,1.0,Sunnyvale,967
Condo/Co-op,875 California St #605,San Francisco,94108,1895000,2,2.0,SF District 8,1212
Mobile/Manufactured Home,1225 Vienna Dr #726,Sunnyvale,94089,314900,2,3.0,SUNNYVALE,1560
Single Family Residential,147 Bronte St,San Francisco,94110,2595000,4,3.5,SF District 9,2452
Single Family Residential,673 Andover St,San Francisco,94110,1395000,3,2.0,SF District 9,1340
Single Family Residential,1808 Mirabella,Union City,94587,1530000,3,2.5,CA ROSECREST,1851
Condo/Co-op,308 Torrey Pine Ter #420,Sunnyvale,94086,1780799,3,3.0,Sunnyvale,1751
Single Family Residential,38 Bel Aire Rd,San Mateo,94402,3995000,4,4.5,SAN MATEO,3203
Mobile/Manufactured Home,1225 Vienna Dr #241,Sunnyvale,94089,349000,3,2.0,SUNNYVALE,1830
Condo/Co-op,1 Daniel Burnham Ct #816,San Francisco,94109,699000,1,1.5,SF District 8,716
Single Family Residential,334 Bowdoin St,San Francisco,94134,1099000,2,1.0,SF District 10,1350
Condo/Co-op,2861 Casals Ct,San Jose,95148,829000,3,1.0,EVERGREEN,1000
Condo/Co-op,3041 El Camino Real #202,Santa Clara,95051,925000,2,2.0,SANTA CLARA,949
Mobile/Manufactured Home,5770 Winfield Blvd #37,San Jose,95123,495000,3,2.0,SAN JOSE,1655
Multi-Family (2-4 Unit),1024-1026 Masonic Ave,San Francisco,94117,3198000,7,3.0,SF District 5,4997
Single Family Residential,2110 Hanover St,Palo Alto,94306,2199888,3,2.0,PALO ALTO,1193
Multi-Family (5+ Unit),184 Roxbury St,Santa Clara,95050,2395000,8,7.0,SANTA CLARA,4484
Condo/Co-op,88 Bush St #2147,San Jose,95126,998888,2,2.0,SAN JOSE,1444
Single Family Residential,1435 Old Piedmont Rd,San Jose,95132,1788000,4,2.0,San Jose,1743
Single Family Residential,1206 Becket Dr,San Jose,95121,1288000,3,2.0,SAN JOSE,1406
Single Family Residential,358 Bangor Ave,San Jose,95123,1450000,4,2.0,BLOSSOM VALLEY,1683
Mobile/Manufactured Home,600 E Weddell Dr #258,Sunnyvale,94089,249900,3,2.0,SUNNYVALE,1076
Single Family Residential,32996 Soquel,Union City,94587,1500000,3,2.0,PONDEROSA,1552
Single Family Residential,38011 Temple Way,Fremont,94536,1899000,5,3.0,PARKMONT,2492
Condo/Co-op,2701 Lone Bluff Way #18,San Jose,95111,590000,2,1.5,SAN JOSE,867
Condo/Co-op,Murphy Plan,Sunnyvale,94086,2089995,4,3.5,Sunnyvale,2387
Multi-Family (2-4 Unit),60-64 W 39th Ave,San Mateo,94403,1725000,4,2.0,Westwood Knolls Etc,2350
Townhouse,198 Esfahan Dr #2,San Jose,95111,895000,2,2.5,SOUTH SAN JOSE,1303
Single Family Residential,1919 Webster St,Palo Alto,94301,11900000,6,5.0,PALO ALTO,5063
Condo/Co-op,38627 Cherry Ln #20,Fremont,94536,515000,2,1.5,CHERRY GUARDINO,789
Mobile/Manufactured Home,1850 Evans Ln #86,San Jose,95121,180000,1,1.0,SAN JOSE,616
Townhouse,1359 Highland Ct,Milpitas,95035,798000,3,1.5,MILPITAS,1216
Single Family Residential,2385 Azevedo Pkwy,San Jose,95125,1299000,3,3.5,SAN JOSE,1884
Condo/Co-op,1 Hawthorne St Unit 3D,San Francisco,94105,725000,1,1.0,SF District 9,841
Single Family Residential,35 Tamalpais Ter,San Francisco,94118,1600000,2,2.0,SF District 1,1575
Multi-Family (5+ Unit),727 E Duane Ave,Sunnyvale,94085,4888888,20,12.0,SUNNYVALE,9276
Condo/Co-op,651 Port Dr #304,San Mateo,94404,858000,2,2.0,SAN MATEO,990
Mobile/Manufactured Home,3015 E Bayshore Rd #143,Redwood City,94063,279000,3,2.0,REDWOOD CITY,1080
Condo/Co-op,1 Baldwin Ave #322,San Mateo,94401,249000,1,2.0,SAN MATEO,1112
Condo/Co-op,2820 Greenwich St #1,San Francisco,94123,1225000,3,2.0,SF District 7,1230
Condo/Co-op,205 Fairway Glen Ln,San Jose,95139,950000,3,2.0,SAN JOSE,1640
Condo/Co-op,1601 Pacific Ave #406,San Francisco,94109,1195000,3,2.0,SF District 8,1345
Multi-Family (2-4 Unit),930 Clyde Ave,Santa Clara,95054,2700000,14,9.0,SANTA CLARA,5060
Single Family Residential,409 Princeton St,San Francisco,94134,899000,2,1.0,SF District 10,1050
Townhouse,1087 Summerain Ct,San Jose,95122,675000,2,2.5,SAN JOSE,1094
Condo/Co-op,1730 Halford Ave #253,Santa Clara,95051,449000,1,1.0,SANTA CLARA,678
Single Family Residential,3070 Sterling Way,Redwood City,94061,3675000,4,4.5,Redwood City,2949
Single Family Residential,1566 Larkspur Dr,San Jose,95125,4035000,5,4.5,San Jose,3811
Townhouse,Plan 4C Plan,Mountain View,94040,2041990,4,3.5,Mountain View,1724
Townhouse,850 Minnesota Ave #108,San Jose,95125,1299000,4,2.5,SAN JOSE,1879
Multi-Family (2-4 Unit),21770 Granada Ave,Cupertino,95014,14000000,2,1.0,Cupertino,981
Condo/Co-op,380 Riesling Ave #10,Milpitas,95035,898000,2,2.0,MILPITAS,1163
Condo/Co-op,500 W Middlefield Rd #121,Mountain View,94043,540000,1,1.0,Mountain View,564
Condo/Co-op,308 Torrey Pine Ter #609,Sunnyvale,94086,1573880,2,2.0,Sunnyvale,1468
Condo/Co-op,72 Peter Coutts Cir,Stanford,94305,1150000,2,2.0,STANFORD,1522
Condo/Co-op,39997 Cedar Blvd #147,Newark,94560,599998,2,2.0,NEWARK,1071
Condo/Co-op,39865 Cedar Blvd #131,Newark,94560,699000,3,2.0,Newark,1283
Condo/Co-op,5627 Blossom Park Ln,San Jose,95118,824000,2,2.5,San Jose,1224
Single Family Residential,127 Putnam St,San Francisco,94110,1159000,3,2.0,SF District 9,1525
Single Family Residential,9060 Enterprise Dr,Newark,94560,1499880,3,3.5,Newark,2201
Condo/Co-op,321 Easy St #8,Mountain View,94043,989000,2,2.0,MOUNTAIN VIEW,962
Single Family Residential,2212 25th St,San Francisco,94107,1498000,3,2.0,SF District 9,2111
Condo/Co-op,1201 California St #205,San Francisco,94109,835000,1,1.0,SF District 8,936
Townhouse,1934 Galileo Cir,San Jose,95133,998000,3,3.0,SAN JOSE,1616
Condo/Co-op,473 Tehama St Unit C,San Francisco,94103,530000,2,1.0,SF District 9,736
Condo/Co-op,1101 S Main St #329,Milpitas,95035,550000,1,1.0,Milpitas,768
Multi-Family (2-4 Unit),1595 Pomona Ave,San Jose,95110,2450000,5,2.5,SAN JOSE,1077
Condo/Co-op,1160 Mission St #510,San Francisco,94103,699000,1,1.0,SF District 9,755
Single Family Residential,60 Santa Barbara Ave,San Francisco,94112,1588000,4,3.0,SF District 10,2950
Condo/Co-op,5424 Cribari Ct,San Jose,95135,418600,2,2.0,San Jose,1223
Single Family Residential,1189 Virginia Ave,Redwood City,94061,1999000,3,2.0,REDWOOD CITY,1460
Mobile/Manufactured Home,1050 Borregas Ave #168,Sunnyvale,94089,299000,2,2.0,SUNNYVALE,1728
Single Family Residential,148 Kingsley Ave,Palo Alto,94301,6499000,7,7.0,PALO ALTO,5575
Single Family Residential,57 Seville St,San Francisco,94112,949000,2,1.0,SF District 10,1146
Condo/Co-op,333 Santana Row #239,San Jose,95128,1299888,2,2.0,SAN JOSE,1400
Condo/Co-op,455 Vallejo St #105,San Francisco,94133,850000,1,1.0,SF District 8,825
Condo/Co-op,178 Mary Teresa St,San Francisco,94134,949000,4,2.0,SF District 10,1846
Condo/Co-op,2201 Vista Del Mar,San Mateo,94404,798000,2,1.0,SAN MATEO,1011
Condo/Co-op,526 23rd Ave #2,San Francisco,94121,1365000,3,2.0,SF District 1,1736
Townhouse,140 Quincy Ter,Fremont,94536,1460932,4,2.5,Fremont,1690
Single Family Residential,119 Oxford St,San Francisco,94134,1080000,3,2.0,BALBOA,1413
Single Family Residential,49 S 20th St,San Jose,95116,1650000,5,3.5,CENTRAL SAN JOSE,2328
Townhouse,Vida Plan 6 Plan,Sunnyvale,94087,1651000,3,3.0,Sunnyvale,1740
Condo/Co-op,1177 California St #1511,San Francisco,94108,440000,0,1.0,SF District 8,437
Townhouse,Plan 5 Plan,Palo Alto,94303,2363000,4,3.5,Palo Alto,1975
Condo/Co-op,30 S 22nd St #2,San Jose,95116,833000,2,2.5,SAN JOSE,1410
Single Family Residential,3238 LaNelle Pl,San Jose,95124,3310000,4,4.5,SAN JOSE,3200
Condo/Co-op,670 10th Ave,San Francisco,94118,1200000,2,1.0,699 - Not Defined,1438
Single Family Residential,591 Orvis Ave,San Jose,95112,800000,2,1.0,SAN JOSE,1040
Condo/Co-op,314 Grant Ave,Palo Alto,94306,1050000,2,1.0,PALO ALTO,928
Multi-Family (2-4 Unit),1237 Coronado Dr,Sunnyvale,94086,2528000,9,4.0,Sunnyvale,3763
Single Family Residential,2226 S Norfolk St,San Mateo,94403,1488000,3,2.0,SAN MATEO,1060
Townhouse,Residence 4A Plan,Fremont,94538,1433880,3,3.5,Fremont,1796
Condo/Co-op,1800 Turk St #201,San Francisco,94115,1198000,2,2.0,SF District 6,1214
Single Family Residential,449 Farrel Ct,Mountain View,94043,1820000,3,2.5,Mountain View,1375
Single Family Residential,3841 Howe Ct,Fremont,94538,2500000,7,3.0,Fremont,1323
Single Family Residential,648 Valley Oak Ter,San Jose,95112,1399999,5,3.5,Central San Jose,1904
Single Family Residential,6056 Evanstone Pl,San Jose,95123,1190000,3,2.5,San Jose,1328
Townhouse,1823 Passage St,Milpitas,95035,1311935,2,2.5,Milpitas,1271
Single Family Residential,Meridian at McClellan Unit 3 Plan,Cupertino,95014,5230000,5,4.5,Cupertino,3570
Condo/Co-op,4388 El Camino Real #338,Los Altos,94022,815000,1,1.0,Los Altos,787
Townhouse,43147 Washington Cmn,Fremont,94539,1100121,3,1.5,MISSION AREA,1207
Condo/Co-op,212 Eaton #12,San Mateo,94402,998000,2,2.0,SAN MATEO,1310
Condo/Co-op,3281 Rocky Water Ln Unit A,San Jose,95148,688000,2,2.0,SAN JOSE,1131
Single Family Residential,4402 Hilton Ave,San Jose,95130,1868000,3,2.0,SAN JOSE,1407
Condo/Co-op,18 Lansing St #205,San Francisco,94105,999000,1,2.0,SF District 9,1580
Condo/Co-op,195 7th St #408,San Francisco,94103,240000,0,1.0,SF District 9,311
Condo/Co-op,672 Corbett Ave Unit A,San Francisco,94114,1098888,2,2.5,SF District 5,1400
Condo/Co-op,436 Costa Mesa Ter Unit C,Sunnyvale,94085,854950,2,1.0,SUNNYVALE,880
Single Family Residential,1141 Valley Quail Cir,San Jose,95120,3649888,5,3.0,SJOS - San Jose,3207
Single Family Residential,1182 Glenn Ave,San Jose,95125,2795000,4,3.0,SAN JOSE,2710
Townhouse,Plan 2 Plan,Mountain View,94040,2264990,4,3.5,Mountain View,1980
Condo/Co-op,1458 Hudson St #116,Redwood City,94061,712500,2,1.0,San Mateo County,980
Single Family Residential,35955 Nickel St,Union City,94587,2150000,4,2.5,UNION CITY,2472
Single Family Residential,57 Cayuga Ave,San Francisco,94112,799900,2,1.0,SF District 10,800
Condo/Co-op,101 Alma St #1003,Palo Alto,94301,1719000,2,2.0,PALO ALTO,1457
Condo/Co-op,20 W 3rd Ave #202,San Mateo,94402,1995000,2,2.5,SAN MATEO,1800
Single Family Residential,1060 Karen Way,Mountain View,94040,4830000,4,3.5,MOUNTAIN VIEW,2959
Single Family Residential,9024 Enterprise Dr,Newark,94560,1465880,3,3.5,Newark,2152
Condo/Co-op,960 Market St #414,San Francisco,94102,484000,0,1.0,SF District 8,567
Mobile/Manufactured Home,"1225 Vienna Drive, #729 Plan",CA,94089,324995,2,3.0,Sunnyvale
Multi-Family (2-4 Unit),6471 Bollinger Rd,Cupertino,95014,1850000,5,2.0,CUPERTINO,1989
Condo/Co-op,4180 George Ave #5,San Mateo,94403,645000,1,1.0,SAN MATEO,812
Single Family Residential,1472 Hampton Dr,Sunnyvale,94087,2299000,3,1.5,SUNNYVALE,1102
Multi-Family (2-4 Unit),336 N 11th St,San Jose,95112,975000,4,2.0,SAN JOSE,1718
Mobile/Manufactured Home,1050 Borregas Ave #1,Sunnyvale,94089,390000,3,2.5,SUNNYVALE,1720
Condo/Co-op,1 Baldwin Ave #222,San Mateo,94401,339000,2,1.0,SAN MATEO,1100
Condo/Co-op,1440 Broadway St #305,San Francisco,94109,1025000,2,2.0,SF District 8,1062
Townhouse,Plan 1 Plan,Milpitas,95035,909990,2,2.0,Milpitas,1064
Townhouse,1020 Whitebick Dr,San Jose,95129,1719000,3,2.5,San Jose,1532
Condo/Co-op,1553 Sacramento St,San Francisco,94109,1550000,3,1.5,SF District 8,1675
Condo/Co-op,655 5th St #13,San Francisco,94107,875000,1,2.0,SF District 9,1065
Townhouse,125 Connemara Way #69,Sunnyvale,94087,1098000,2,1.5,SUNNYVALE,1136
Multi-Family (2-4 Unit),320 Raymond Ave,San Jose,95128,1195000,5,2.0,San Jose,1132
Single Family Residential,2307 9th Ave,San Francisco,94116,950000,3,1.5,SF District 4,915
Condo/Co-op,6140 Civic Ter Unit B,Newark,94560,649948,2,2.0,CIVIC TERRACE,910
Condo/Co-op,99 Rausch St #114,San Francisco,94103,830000,2,2.0,SAN FRANCISCO,1059
Single Family Residential,350 Velarde St,Mountain View,94041,3058000,2,2.0,MOUNTAIN VIEW,1408
Single Family Residential,1786 Gunston Way,San Jose,95124,1200000,3,1.0,SAN JOSE,1092
Multi-Family (2-4 Unit),418 Central Ave,San Francisco,94117,1998000,6,3.0,San Francisco,2919
Single Family Residential,6700 Mill Creek Rd,Fremont,94539,3998000,5,3.0,MISSION SAN JOSE,4045
Condo/Co-op,219 Brannan St Unit 3G,San Francisco,94107,2349000,3,3.0,SF District 9,1694
Single Family Residential,21672 Granada Ave,Cupertino,95014,3999888,1,1.0,CUPERTINO,2113
Condo/Co-op,2204 Almaden Rd Unit A,San Jose,95125,800000,2,2.0,SAN JOSE,1163
Single Family Residential,210 Vineyard Dr,San Jose,95119,1699000,4,2.5,SAN JOSE,2080
Mobile/Manufactured Home,1225 Vienna Dr #214,Sunnyvale,94089,250000,3,2.0,SUNNYVALE,1740
Single Family Residential,233 Ryder St,San Mateo,94401,1350000,3,1.0,SAN MATEO,1150
Mobile/Manufactured Home,177 Chateau La Salle Dr #177,San Jose,95111,589900,3,2.0,SAN JOSE,1834
Townhouse,555 Fulton St #102,San Francisco,94102,1925000,3,2.0,SF District 6,1972
Multi-Family (2-4 Unit),1061-63 Kansas,San Francisco,94107,1598000,5,4.0,SAN FRANCISCO,2300
Single Family Residential,1795 Bermuda Way,San Jose,95122,999000,3,1.0,SAN JOSE,960
Townhouse,530 La Conner Dr #27,Sunnyvale,94087,899999,2,2.0,SUNNYVALE,972
Single Family Residential,Aro Homes Plan 1 Plan,Redwood City,94062,3450000,5,3.0,Redwood City,2700
Single Family Residential,5129 Curtis St,Fremont,94538,1858000,4,2.0,BLACOW,1302
Townhouse,4194 Sophia Way,San Jose,95134,1100000,2,2.5,SAN JOSE,1130
Condo/Co-op,3475 Deerwood Ter #304,Fremont,94536,535000,2,1.0,FREMONT,936
Condo/Co-op,1590 Thornleaf Way,San Jose,95131,790000,2,2.0,San Jose,913
Condo/Co-op,1 Baldwin Ave #814,San Mateo,94401,199000,1,1.0,SAN MATEO,968
Condo/Co-op,44725 Old Warm Springs Blvd #205,Fremont,94538,1050000,2,2.0,FREMONT,1336
Single Family Residential,468 Ridgefarm,San Jose,95123,1499000,4,2.0,SAN JOSE,1495
Single Family Residential,6379 Vegas Dr,San Jose,95120,1785000,4,2.0,SAN JOSE,1661
Townhouse,Residence 1A Plan,Fremont,94538,1143880,2,2.5,Fremont,1291
Multi-Family (2-4 Unit),976-978 Noe St,San Francisco,94114,2000000,4,2.0,NOE VALLEY,2662
Condo/Co-op,1 Baldwin Ave #707,San Mateo,94401,215000,1,1.0,SAN MATEO,1000
Condo/Co-op,2G Plan,Sunnyvale,94086,1624995,2,2.5,Sunnyvale,2322
Single Family Residential,1646 Catherine St,Santa Clara,95050,1888888,3,2.0,SANTA CLARA,1707
Townhouse,5610 Caprice Cmn,Fremont,94538,730000,2,2.0,CA BLOSSOM,850
Other,1614-1618 Balboa St,San Francisco,94121,1650000,6,2.0,SF District 1,4376
Single Family Residential,Plan 1 Plan,San Mateo,94403,2774990,4,3.5,San Mateo,2565
Single Family Residential,3145 Bandera Dr,Palo Alto,94304,4598000,5,3.0,PALO ALTO,3481
Condo/Co-op,5486 Tyhurst Wkwy #1,San Jose,95123,498888,2,1.0,SAN JOSE,810
Condo/Co-op,1068 Bigleaf Pl #402,San Jose,95131,1250000,3,2.5,SAN JOSE,1850
Single Family Residential,1906 Greenwich St,San Francisco,94123,5290000,4,5.0,SF District 7,3531
Condo/Co-op,1 Steuart Ln #1002,San Francisco,94105,5250000,2,2.5,SF District 9,1979
Mobile/Manufactured Home,3499 E Bayshore Rd #30,Redwood City,94063,175000,1,1.0,REDWOOD CITY,600
Single Family Residential,1861 Middlefield Rd,Palo Alto,94301,3998000,3,2.5,PALO ALTO,1979
Condo/Co-op,834 Catkin Ct,San Jose,95128,699000,2,2.0,SAN JOSE,922
Condo/Co-op,2201 Monroe St #605,Santa Clara,95050,639000,2,1.0,SANTA CLARA,853
Condo/Co-op,120 Saratoga Ave #74,Santa Clara,95051,618000,2,2.0,SANTA CLARA,950
Townhouse,158 Quincy Ter,Fremont,94536,1219900,3,2.5,Fremont,1407
Condo/Co-op,425 1st St #3705,San Francisco,94105,898000,1,1.0,San Francisco,710
Condo/Co-op,3E Plan,Sunnyvale,94086,1699995,3,3.0,Sunnyvale,1751
Condo/Co-op,Stone Plan,Milpitas,95035,1680995,4,3.5,Milpitas,2181
Townhouse,43509 Ocaso Corte,Fremont,94539,1749888,3,2.5,MISSION FREMONT,2058
Condo/Co-op,35 Dolores St #106,San Francisco,94103,1298000,2,2.0,SF District 5,1165
Condo/Co-op,5160 Diamond Heights Blvd Unit 208C,San Francisco,94131,898000,2,2.0,SF District 4,1175
Single Family Residential,1125 Sherman St,San Jose,95110,999000,3,2.5,San Jose,1135
Condo/Co-op,1 Steuart Ln #505,San Francisco,94105,3555000,2,2.0,SF District 9,1770
Condo/Co-op,308 Torrey Pine Ter #413,Sunnyvale,94086,920125,1,1.0,Sunnyvale,973
Condo/Co-op,3193 California St,San Francisco,94115,999000,2,1.0,SF District 7,1048
Mobile/Manufactured Home,208 El Bosque Dr #208,San Jose,95134,429000,2,3.0,SAN JOSE,1464
Single Family Residential,37111 Elm St,Fremont,94536,1888000,4,2.0,Fremont,2336
Single Family Residential,2806 Centerwood Ct,San Jose,95148,1549888,4,2.0,EVERGREEN,1470
Single Family Residential,140 Borel Ave,San Mateo,94402,2988000,5,4.0,SAN MATEO,2310
Mobile/Manufactured Home,1225 Vienna Dr #727,Sunnyvale,94089,324900,2,3.0,SUNNYVALE,1560
Townhouse,4608 Granada Way,Union City,94587,799000,3,1.5,EL DORADO PARK,1298
Single Family Residential,10010 Clayton Rd,San Jose,95127,1380000,3,2.0,Alum Rock,1700
Single Family Residential,1114 Orchid Dr,Sunnyvale,94086,2799999,4,3.0,SUNNYVALE,2114
Multi-Family (2-4 Unit),2237-2239 Pine St,San Francisco,94115,1800000,5,3.0,SF District 6,2638
Mobile/Manufactured Home,395 Los Encinos Ave #395,San Jose,95134,220000,2,2.0,SAN JOSE,768
Condo/Co-op,10 Innes Ct #102,San Francisco,94124,778888,3,2.0,SAN FRANCISCO,1223
Mobile/Manufactured Home,1050 Borregas Ave #36,Sunnyvale,94089,379000,3,2.0,SUNNYVALE,1715
Mobile/Manufactured Home,3300 Narvaez  #166 Ave #166,San Jose,95136,185000,2,1.0,SAN JOSE,800
Single Family Residential,1768 Emerson St,Palo Alto,94301,7800000,5,4.5,PALO ALTO,4300
Townhouse,Plan TA Plan,Cupertino,95014,2606990,4,3.5,Cupertino,2091
Condo/Co-op,1647 18th St,San Francisco,94107,550915,1,1.5,SF District 9,778
Townhouse,397 Don Basillo Way,San Jose,95123,598000,2,1.5,SAN JOSE,950
Single Family Residential,635 29th St,San Francisco,94131,3495000,5,5.0,SF District 5,3221
Townhouse,194 Greyhawk Ct,Mountain View,94043,1368888,3,2.5,Mountain View,1594
Mobile/Manufactured Home,1850 Evans Ln #81,San Jose,95125,199000,1,1.0,SAN JOSE,532
Single Family Residential,523 Hillside Rd,Redwood City,94062,3000000,4,3.0,REDWOOD CITY,1480
Condo/Co-op,618 Fillmore St #1,San Francisco,94117,1299000,3,2.0,SF District 6,1500
Condo/Co-op,755 Bonita Pl,San Jose,95116,599000,2,2.0,SAN JOSE,1010
Single Family Residential,1721 Virginia Ave,Redwood City,94061,3480000,4,3.5,Redwood City,2817
Single Family Residential,410 29th St,San Francisco,94131,1850000,2,1.0,SF District 5,1145
Mobile/Manufactured Home,1220 Vienna Dr #476,Sunnyvale,94089,319900,3,2.0,SUNNYVALE,1716
Single Family Residential,1573 Ferndale Dr,San Jose,95118,1499999,3,2.0,San Jose,1762
Single Family Residential,682 Colleen Dr,San Jose,95123,1969000,4,3.0,SAN JOSE,2482
Condo/Co-op,1 Steuart Ln #901,San Francisco,94105,9250000,3,3.0,SF District 9,2974
Condo/Co-op,380 Auburn Way #21,San Jose,95129,649888,2,1.5,SAN JOSE,1099
Multi-Family (2-4 Unit),5847 El Dori Dr,San Jose,95123,1500000,5,4.0,SAN JOSE,2414
Single Family Residential,1353 Washington St,San Francisco,94109,1098000,3,1.0,SF District 8,1700
Single Family Residential,63 Carmel St,San Francisco,94117,9750000,4,5.5,SF District 5,5314
Condo/Co-op,555 4th St #527,San Francisco,94107,989000,2,2.0,SAN FRANCISCO,1113
Mobile/Manufactured Home,2151 Oakland Rd #189,San Jose,95131,388000,3,2.0,SAN JOSE,1440
Mobile/Manufactured Home,2150 Almaden Rd Unit D,San Jose,95125,239000,2,2.0,SAN JOSE,1080
Condo/Co-op,11 Franklin St #506,San Francisco,94102,969000,2,2.0,SF District 6,940
Condo/Co-op,1 Hawthorne St Unit 12F,San Francisco,94105,1500000,2,2.0,SF District 9,1381
Condo/Co-op,308 Torrey Pine Ter #201,Sunnyvale,94086,1765188,2,2.5,Sunnyvale,2322
Multi-Family (2-4 Unit),3151 IMPALA Dr,San Jose,95117,1848888,8,7.0,SAN JOSE,3883
Condo/Co-op,45128 Warm Springs Blvd #251,Fremont,94539,999888,2,2.0,WARM SPRINGS,1275
Mobile/Manufactured Home,1225 Vienna Dr #729,Sunnyvale,94089,324995,2,3.0,SUNNYVALE,1560
Condo/Co-op,1117 Noe St,San Francisco,94114,1050000,2,1.0,SF District 5,1000
Condo/Co-op,1665 Branham Park Ct,San Jose,95118,679950,2,2.0,SAN JOSE,984
Multi-Family (2-4 Unit),474 Margarita Ave,Palo Alto,94306,2250000,6,4.0,PALO ALTO,3044
Single Family Residential,112 Congo St,San Francisco,94131,1250000,2,2.0,SAN FRANCISCO,1100
Single Family Residential,317 Dale Dr,San Jose,95127,999000,3,2.0,SAN JOSE,1368
Multi-Family (5+ Unit),1950 Jones St,San Francisco,94133,5250000,12,4.0,SF District 8,6188
Condo/Co-op,38 N Almaden Blvd #716,San Jose,95110,713000,1,1.0,SAN JOSE,953
Condo/Co-op,40 Topaz Way,San Francisco,94131,1299000,3,2.5,SF District 4,1792
Townhouse,Plan 3 Plan,Palo Alto,94303,2033000,3,3.5,Palo Alto,1770
Condo/Co-op,39206 Guardino Dr #102,Fremont,94538,665000,2,2.0,ADOBE HILLS,1053
Mobile/Manufactured Home,540 Bonita Ave #112,San Jose,95116,210000,2,2.0,SAN JOSE,700
Condo/Co-op,588 Minna St #304,San Francisco,94103,770000,2,2.0,SF District 9,998
Single Family Residential,1239 E San Fernando St,San Jose,95116,1290000,3,2.0,San Jose,1301
Single Family Residential,36391 Cedar Blvd,Newark,94560,1299000,4,2.0,NEWARK,1360
Mobile/Manufactured Home,1225 Vienna Dr #38,Sunnyvale,94089,318000,3,2.0,Not Listed,1566
Single Family Residential,35978 Green St,Union City,94587,1895000,4,2.5,Not Listed,2250
Condo/Co-op,175 Bluxome St #213,San Francisco,94107,749000,2,2.0,SF District 9,1072
Multi-Family (2-4 Unit),2423 Turk Blvd,San Francisco,94118,1699000,3,3.5,SF District 1,3300
Condo/Co-op,3649 California St,San Francisco,94118,1250000,1,1.0,SF District 1,1055
Condo/Co-op,384 Ribbonwood Ave,San Jose,95123,960000,2,2.5,SANTA TERESA,1211
Single Family Residential,1726 Revere Ave,San Francisco,94124,850000,2,1.0,SF District 10,922
Condo/Co-op,39109 Guardino Dr #239,Fremont,94538,575000,2,1.0,Not Listed,857
Multi-Family (2-4 Unit),324 N 3rd St,San Jose,95112,1595000,6,4.0,SAN JOSE,3400
Condo/Co-op,1550 Technology Dr #2121,San Jose,95110,575000,1,1.0,San Jose,914
Townhouse,126 Sennett Ter,Fremont,94536,1466223,4,2.5,Fremont,1690
Townhouse,Plan TC Plan,Cupertino,95014,1987990,3,3.0,Cupertino,1596
Townhouse,482 Tanfield Ln,San Jose,95111,728000,3,1.5,SEVEN TREES,1197
Townhouse,Residence F2 Plan,Fremont,94536,1285880,3,2.0,Fremont,1571
Mobile/Manufactured Home,1220 Vienna Dr #469,Sunnyvale,94089,250000,2,2.0,SUNNYVALE,1477
Multi-Family (2-4 Unit),996 Noe St,San Francisco,94114,1700000,2,2.0,San Francisco,2039
Single Family Residential,1535 Cowper St,Palo Alto,94301,7988000,6,4.0,Palo Alto,2750
Condo/Co-op,308 Torrey Pine Ter #307,Sunnyvale,94086,929143,1,1.0,Sunnyvale,966
Condo/Co-op,8097 Cabernet Ct,San Jose,95135,869990,2,2.0,SAN JOSE,1803
Condo/Co-op,1 Steuart Ln #507,San Francisco,94105,1250000,1,1.0,SF District 9,917
Condo/Co-op,1458 Hudson St #318,Redwood City,94061,428000,0,1.0,REDWOOD CITY,470
Townhouse,Residence 5A Plan,Fremont,94538,1633880,4,3.5,Fremont,2313
Multi-Family (2-4 Unit),1171 Locust St,San Jose,95110,995000,4,2.0,SAN JOSE,1816
Condo/Co-op,425 1st St #3702,San Francisco,94105,2198000,2,2.0,SF District 9,1309
Multi-Family (2-4 Unit),3755-3759 Mission St,San Francisco,94110,1695000,3,2.0,San Francisco,2500
Mobile/Manufactured Home,1111 Morse Ave #227,Sunnyvale,94089,399000,2,2.0,SUNNYVALE,1352
Condo/Co-op,809 Auzerais Ave #209,San Jose,95126,549000,1,1.0,SAN JOSE,824
Single Family Residential,Residence 3 Plan,Newark,94560,1525880,4,3.5,Newark,2453
Condo/Co-op,501 Beale St Unit 12D,San Francisco,94105,1899000,2,2.0,SAN FRANCISCO,1259
Multi-Family (2-4 Unit),133 N Delaware St,San Mateo,94401,1600000,4,2.0,SAN MATEO,2042
Mobile/Manufactured Home,1050 Borregas Ave #99,Sunnyvale,94089,329000,3,2.0,SUNNYVALE,1537
Multi-Family (5+ Unit),1410 Hess Rd,Redwood City,94061,3880000,10,9.0,REDWOOD CITY,5416
Single Family Residential,271 Madrone St,Redwood City,94061,1395000,4,2.0,REDWOOD CITY,1310
Single Family Residential,1253 Manzano Way,Sunnyvale,94089,1598000,3,2.0,SUNNYVALE,1108
Townhouse,106 Limelight Ter,Fremont,94536,1294526,3,2.0,Fremont,1672
Single Family Residential,Residence 1 Plan,Newark,94560,1455880,3,3.5,Newark,2152
Condo/Co-op,3598 Payne Ave #8,San Jose,95117,535000,2,1.0,SAN JOSE,910
Condo/Co-op,1147 Milan Ter #4,Sunnyvale,94089,1932225,3,3.5,SUNNYVALE,1844
Townhouse,5835 Central Ave,Newark,94560,950000,3,2.5,CENTRAL NEWARK,1447
Single Family Residential,40431 Blanchard St,Fremont,94538,1599000,3,1.0,IRVINGTON,1350
Townhouse,6263 Joaquin Murieta Ave Unit A,Newark,94560,829000,3,2.5,NEW PARK VILLAGE,1394
Condo/Co-op,Della Plan,Milpitas,95035,1256995,2,2.5,Milpitas,1270
Condo/Co-op,400 Siam Ter #8,Sunnyvale,94089,1422543,2,2.0,Sunnyvale,1357
Single Family Residential,3282 Victoria Ave,Santa Clara,95051,1700000,3,2.0,SANTA CLARA,1080
Multi-Family (2-4 Unit),1084-1086 Portola Ave,San Jose,95126,2795000,6,4.0,SAN JOSE,3284
Condo/Co-op,451 Kansas St #547,San Francisco,94107,749000,1,1.0,SF District 9,694
Condo/Co-op,20 Inca Ln #2,San Francisco,94115,475000,3,2.0,SF District 6,1050
Condo/Co-op,3344 21st St,San Francisco,94110,1399000,3,1.5,SAN FRANCISCO,1543
Single Family Residential,1136 Idaho St,San Jose,95126,1999999,4,3.0,SAN JOSE,3086
Single Family Residential,144 Dore St,San Francisco,94103,895000,2,1.0,SF District 9,1124
Single Family Residential,1135 Chapman St,San Jose,95126,2084900,3,2.5,Santa Clara,2162
Single Family Residential,990 Yale Dr,Hillsborough,94010,7770000,6,7.5,Hillsborough,6116
Single Family Residential,578 Moscow St,San Francisco,94112,1498000,3,3.0,SF District 10,1975
Multi-Family (2-4 Unit),1137-1139 Kansas St,San Francisco,94107,1698000,5,2.0,SF District 9,2796
Multi-Family (2-4 Unit),1241 Coronado Dr,Sunnyvale,94086,2528000,9,4.0,Sunnyvale,3763
Condo/Co-op,960 Market St #509,San Francisco,94102,970000,2,2.0,SF District 8,970
Single Family Residential,535 Kingsley Ave,Palo Alto,94301,14388000,5,3.5,PALO ALTO,5353
Single Family Residential,99 Irving Ave,Atherton,94027,5580000,5,3.0,Atherton,3230
Single Family Residential,670 Meadow Creek Dr,San Jose,95136,1650000,3,2.5,SAN JOSE,1704
Single Family Residential,1243 Francisco St,San Francisco,94123,1595000,2,1.5,SF District 7,1303
Single Family Residential,6447 Firefly Dr,San Jose,95120,1899888,4,2.0,San Jose,1657
Condo/Co-op,1149 Bird Ave #1,San Jose,95125,869888,2,2.0,SAN JOSE,879
Condo/Co-op,47069 Benns Ter #33,Fremont,94539,659000,2,2.0,WARM SPRINGS,926
Townhouse,201 Stone Pine Ter #2,Sunnyvale,94086,1611050,2,2.5,Sunnyvale,1658
Single Family Residential,Meridian at McClellan Unit 4 Plan,Cupertino,95014,5230000,5,4.5,Cupertino,3570
Condo/Co-op,Kenai Plan,Milpitas,95035,1503995,4,3.5,Milpitas,1882
Mobile/Manufactured Home,165 Blossom Hill Rd #97,San Jose,95123,399999,3,2.0,SAN JOSE,1100
Single Family Residential,1299 Canton Dr,Milpitas,95035,1750000,5,3.0,MILPITAS,1867
Single Family Residential,1716 S Norfolk St,San Mateo,94403,1498000,3,2.0,SAN MATEO,1450
Condo/Co-op,1 Daniel Burnham Ct #617,San Francisco,94109,568000,0,1.0,SF District 8,586
Single Family Residential,14080 Jerilyn Dr,San Jose,95127,940000,2,1.0,San Jose,806
Condo/Co-op,2402 Hastings Shore Ln,Redwood City,94065,998000,2,2.0,REDWOOD CITY,988
Multi-Family (2-4 Unit),1503 Sierra St,Redwood City,94061,2295000,5,4.0,REDWOOD CITY,3890
Condo/Co-op,47144 Male Ter #83,Fremont,94539,698000,2,2.0,WARM SPRINGS,894
Single Family Residential,1450 Edgewood Rd,Redwood City,94062,4899950,6,5.0,REDWOOD CITY,3747
Single Family Residential,1934 Trenton Dr,San Jose,95124,2299000,4,2.5,SAN JOSE,1849
Single Family Residential,577 Amboy Dr,San Jose,95136,1649000,5,2.5,SAN JOSE,1954
Condo/Co-op,730 Florida St #4,San Francisco,94110,869000,1,2.0,SF District 9,928
Condo/Co-op,6249 Blauer Ln,San Jose,95135,799900,2,2.0,SAN JOSE,1340
Single Family Residential,106 Scotia Ave,San Francisco,94124,1299000,3,2.0,SF District 10,1300
Condo/Co-op,951 S 12th St #301,San Jose,95112,750000,2,2.0,Central San Jose,1102
Single Family Residential,660 Palo Alto Ave,Palo Alto,94301,3475000,3,2.0,PALO ALTO,2400
Condo/Co-op,400 Siam Ter #4,Sunnyvale,94089,1443994,2,2.0,Sunnyvale,1360
Condo/Co-op,2412 Harrison St #214,San Francisco,94110,1249000,2,2.0,SF District 9,1513
Single Family Residential,1139 Kansas St,San Francisco,94107,998000,3,1.0,SF District 9,1220
Multi-Family (2-4 Unit),3024-3028 California St,San Francisco,94115,2495000,7,5.0,SF District 7,3730
Condo/Co-op,532 Channing Ave #301,Palo Alto,94301,2595000,3,2.5,PALO ALTO,2088
Single Family Residential,117 Scharff Ave,San Jose,95116,899999,4,2.0,SAN JOSE,1488
Single Family Residential,441 Roading Dr,San Jose,95123,1459000,3,2.0,SAN JOSE,1659
Single Family Residential,3542 Aberdeen St,Santa Clara,95054,1788000,5,3.0,SANTA CLARA,1956
Single Family Residential,14030 Buckner Dr,San Jose,95127,1611000,6,4.0,San Jose,1487
Single Family Residential,2100 Castillejo Way,Fremont,94539,2898000,5,2.5,MISSION FREMONT,2633
Condo/Co-op,1850 El Camino Real #321,Santa Clara,95050,1278000,3,2.0,SANTA CLARA,1330
Condo/Co-op,410 Auburn Way #2,San Jose,95129,649800,2,1.5,SAN JOSE,1099
Single Family Residential,2465 Tecado Ter,Fremont,94539,8498000,6,8.0,MISSION SAN JOSE,12075
Condo/Co-op,1001 California St #3,San Francisco,94108,7000000,2,2.5,SF District 8,3474
Single Family Residential,358 Wheat Grass Ter,Fremont,94539,1698000,4,2.5,FREMONT,1785
Condo/Co-op,30 22nd St #1,San Jose,95116,850000,2,2.5,SAN JOSE,1410
Mobile/Manufactured Home,1201 Sycamore Ter #19,Sunnyvale,94086,284900,2,2.0,SUNNYVALE,920
Single Family Residential,5485 Sierra Rd,San Jose,95132,1598000,3,2.0,San Jose,1658
Mobile/Manufactured Home,1085 Tasman Dr #582,Sunnyvale,94089,345000,3,2.0,SUNNYVALE,1507
Condo/Co-op,Rockie Plan,Milpitas,95035,1609995,4,3.5,Milpitas,2100
Condo/Co-op,301 Crescent Ct #3411,San Francisco,94134,549000,1,1.0,SF District 10,802
Single Family Residential,15236 Dickens Ave,San Jose,95124,4240000,5,4.5,SAN JOSE,3811
Condo/Co-op,2250 Monroe St #219,Santa Clara,95050,559900,1,1.0,SANTA CLARA,716
Condo/Co-op,3136 Fulton St #3,San Francisco,94118,1395000,4,2.5,SF District 1,1793
Single Family Residential,366 Alvarez Cmn,Milpitas,95035,1550000,3,2.5,Milpitas,1804
Single Family Residential,67 Oakwood Dr,Redwood City,94061,1590000,3,2.5,REDWOOD CITY,1640
Single Family Residential,2670 21st St,San Francisco,94110,1995000,0,1.0,SF District 9,2000
Single Family Residential,97 Birch Ln,San Jose,95127,999999,3,1.0,San Jose,1174
Townhouse,918 Woodside Rd #918,Redwood City,94061,1650000,3,3.0,REDWOOD CITY,2055
Single Family Residential,5851 Musick Ave,Newark,94560,828000,3,1.5,NEWARK,1051
Condo/Co-op,1853 Almaden Rd #412,San Jose,95125,960800,3,2.0,SAN JOSE,1191
Single Family Residential,200 Star Hill Rd,Woodside,94062,825000,3,2.0,WOODSIDE,2040
Single Family Residential,Residence 2 Plan,Newark,94560,1471880,3,3.5,Newark,2201
Single Family Residential,2379 Cresthaven St,Milpitas,95035,1960000,3,2.5,MILPITAS,1953
Single Family Residential,3334 Woodside Ln,San Jose,95121,1999998,8,5.5,SAN JOSE,3510
Mobile/Manufactured Home,433 Sylvan Ave #112,Mountain View,94041,335900,2,2.0,MOUNTAIN VIEW,1100
Multi-Family (2-4 Unit),3859-3863 18th St,San Francisco,94114,1695000,6,4.0,SF District 5,3496
Single Family Residential,1174 Solana Dr,Mountain View,94040,2300000,3,1.5,MOUNTAIN VIEW,1292
Multi-Family (2-4 Unit),1851 Woodland Ave,East Palo Alto,94303,1795000,8,4.0,EAST PALO ALTO,2920
Multi-Family (2-4 Unit),288-290 Parker Ave,San Francisco,94118,1795000,4,2.0,SF District 1,2280
Single Family Residential,3661 Kendra Way,San Jose,95130,1798000,3,2.0,Campbell,1451
Single Family Residential,234 Monterey Blvd,San Francisco,94131,995000,2,1.0,SF District 4,1356
Townhouse,422 Galleria Dr #7,San Jose,95134,1168800,2,2.0,SAN JOSE,1401
Single Family Residential,7590 Snow Ave,Newark,94560,498000,2,1.0,NEWARK,732
Condo/Co-op,767 Bryant St #203,San Francisco,94107,1798998,2,3.0,SAN FRANCISCO,3496
Multi-Family (2-4 Unit),173 Clayton Ave,San Jose,95110,1749000,6,3.5,SAN JOSE,2525
Condo/Co-op,946 Stockton St Unit 18B,San Francisco,94108,680000,2,1.5,SF District 8,825
Single Family Residential,1700 Waverley St,Palo Alto,94301,29880000,5,6.5,PALO ALTO,7178
Townhouse,536 Cinnamon Dr,San Jose,95111,775000,4,2.5,SAN JOSE,1461
Condo/Co-op,400 Mariners Island Blvd #322,San Mateo,94404,1378000,3,2.0,SAN MATEO,1439
Townhouse,Residence 2A1 Plan,Fremont,94538,1163880,2,2.5,Fremont,1329
Condo/Co-op,1082 N Abbott Ave,Milpitas,95035,740000,3,2.0,MILPITAS,1143
Townhouse,1101 Artemisia Ter #6,Sunnyvale,94086,1626221,2,2.5,Sunnyvale,1658
Condo/Co-op,1914 Pine St #4,San Francisco,94109,939000,1,1.0,SF District 6,1190
Townhouse,Plan 7 Plan,Mountain View,94040,1490990,2,2.5,Mountain View,1146
Single Family Residential,1360 Vernal Dr,San Jose,95130,1898000,4,2.0,SAN JOSE,1248
Single Family Residential,16275 Greenridge Ter,Los Gatos,95032,3900000,4,3.0,LOS GATOS,2912
Condo/Co-op,1853 Almaden Rd #214,San Jose,95125,579800,1,1.0,SAN JOSE,646
Condo/Co-op,1 Steuart Ln #310,San Francisco,94105,5395000,3,2.5,SF District 9,2278
Single Family Residential,1849 Rigoletto Dr,San Jose,95122,1100000,4,2.0,Not Listed,1232
Condo/Co-op,259 N Capitol Ave #102,San Jose,95127,448888,1,1.0,SAN JOSE,777
Single Family Residential,249 Topaz Way,San Francisco,94131,1475000,3,2.5,SF District 4,2487
Townhouse,Residence 1B1 Plan,Fremont,94538,1179880,2,2.5,Fremont,1350
Condo/Co-op,83 Mcallister St #302,San Francisco,94102,328000,0,1.0,SF District 8,255
Single Family Residential,1398 Boysea Dr,San Jose,95118,1398000,3,1.5,SAN JOSE,1180
Condo/Co-op,1101 Dolores St,San Francisco,94110,1795000,3,2.0,SF District 5,1695
Condo/Co-op,241 10th St #305,San Francisco,94103,404512,1,1.0,SF District 9,551
Single Family Residential,332 Grandpark Cir,San Jose,95136,1480000,4,2.0,SAN JOSE,1466
Condo/Co-op,2341 Franklin St #2,San Francisco,94123,1095000,2,1.0,SF District 7,1306
Single Family Residential,855 Allardice Way,Stanford,94305,2798000,5,3.0,STANFORD,2618
Condo/Co-op,1001 E Evelyn Ter #148,Sunnyvale,94086,650000,2,1.0,SUNNYVALE,822
Townhouse,Plan 3BZ Plan,Mountain View,94040,1764990,3,2.5,Mountain View,1533
Mobile/Manufactured Home,900 Golden Wheel Park Dr #197,San Jose,95112,359950,3,2.0,Golden Wheel Mobile Home Park,1560
Mobile/Manufactured Home,4141 Deep Creek Rd #34,Fremont,94555,155000,2,2.0,Besaro,810
Condo/Co-op,11 Franklin St #504,San Francisco,94102,495000,0,1.0,SF District 6,479
Multi-Family (2-4 Unit),6471 Bollinger Rd,Cupertino,95014,1850000,5,2.0,CUPERTINO,1989
Condo/Co-op,3690 Innovation Way #300,Fremont,94538,975000,2,2.0,Fremont,1279
Multi-Family (2-4 Unit),1656 Queen Charlotte Dr,Sunnyvale,94087,1999000,8,4.0,SUNNYVALE,3446
Condo/Co-op,301 Arlington St,San Francisco,94131,799000,2,1.0,SF District 5,999
Single Family Residential,1950 24th Ave,San Francisco,94116,995000,2,1.0,SF District 2,800
Townhouse,3388 Landess Ave Unit B,San Jose,95132,690000,2,1.5,SAN JOSE,976
Townhouse,668 N Capitol Ave,San Jose,95133,1098950,4,4.0,San Jose,1774
Condo/Co-op,1053 Dewberry Pl #201,San Jose,95131,998000,2,2.5,SAN JOSE,1661
Condo/Co-op,175 Red Rock Way Unit 101K,San Francisco,94131,515000,0,1.0,SF District 4,592
Condo/Co-op,1512 25th St,San Francisco,94107,795000,1,1.0,SF District 9,955
Townhouse,21408 Dana Point Ln,Cupertino,95014,2557990,4,3.5,Cupertino,1933
Condo/Co-op,804 Balboa St,San Francisco,94122,1895000,3,1.5,SF District 1,1650
Single Family Residential,1310 -1340 Homestead Rd,Santa Clara,95050,3199900,11,8.0,SANTA CLARA,5760
Single Family Residential,1288 Forrestal Ave,San Jose,95110,999000,2,1.0,SAN JOSE,1080
Single Family Residential,3535 Mission St Unit B,San Francisco,94110,849000,3,1.0,SF District 9,1380
Condo/Co-op,2001 Mcallister St #242,San Francisco,94118,769000,1,1.0,SF District 6,715
Townhouse,15 Havenridge Ct,San Mateo,94402,1498000,3,2.5,SAN MATEO,1780
Single Family Residential,4390 Cesar Chavez St,San Francisco,94131,2300000,3,2.0,SF District 5,2190
Condo/Co-op,1853 Almaden Rd #326,San Jose,95124,584800,1,1.0,SAN JOSE,667
Multi-Family (2-4 Unit),1356 W Dana St,Mountain View,94041,2100000,4,3.0,Mountain View,1604
Condo/Co-op,2409 Sequester Ct,San Jose,95133,649950,2,2.0,SAN JOSE,979
Condo/Co-op,1303 Barbet Cir #1,Sunnyvale,94087,1872500,4,3.0,SUNNYVALE,2037
Condo/Co-op,Crossman Plan,Sunnyvale,94086,2185995,4,3.5,Sunnyvale,2346
Multi-Family (2-4 Unit),719 -721 Anza St,San Francisco,94118,2020000,4,2.0,San Francisco,2500
Mobile/Manufactured Home,433 Sylvan Ave #84,Mountain View,94041,349900,2,2.0,MOUNTAIN VIEW,1456
Townhouse,542 Santa Maria Ter #5,Sunnyvale,94085,2200000,4,3.5,SUNNYVALE,1960
Townhouse,Plan 4CX Plan,Mountain View,94040,2039990,4,3.5,Mountain View,1724
Condo/Co-op,2315 Saidel Dr #1,San Jose,95124,638000,2,1.0,SAN JOSE,810
Condo/Co-op,1388 Gough St #402,San Francisco,94109,949000,2,2.0,SAN FRANCISCO,1187
Single Family Residential,4449 Borina Dr,San Jose,95129,1990000,3,2.0,SAN JOSE,1236
Condo/Co-op,425 1st St #2402,San Francisco,94105,2085000,2,2.0,SF District 9,1309
Single Family Residential,2223 Ensenada Way,San Mateo,94403,2100000,4,2.0,SAN MATEO,1746
Single Family Residential,1253 Shoal Dr,San Mateo,94404,1699999,3,2.5,San Mateo,1690
Condo/Co-op,480 Dempsey Rd #283,Milpitas,95035,472000,1,1.0,MILPITAS,676
Condo/Co-op,1 Baldwin #417,San Mateo,94401,450000,2,2.0,SAN MATEO,1429
Condo/Co-op,800 N Delaware St #203,San Mateo,94401,568000,1,1.0,San Mateo County,693
Single Family Residential,250 Ortega St,San Francisco,94122,1295000,5,3.0,SF District 2,2810
Condo/Co-op,151 Buckingham Dr #222,Santa Clara,95051,475000,1,1.0,SANTA CLARA,599
Condo/Co-op,5407 Diamond Heights Blvd #1,San Francisco,94131,799000,2,1.0,SF District 5,840
Condo/Co-op,49080 Meadowfaire Cmn #304,Fremont,94539,849500,2,2.0,MAYFAIR PARK,1114
Condo/Co-op,945 Green St #4,San Francisco,94133,7500000,3,4.5,SF District 8,3879
Condo/Co-op,1 Baldwin Ave #217,San Mateo,94401,550000,2,2.0,SAN MATEO,1400
Condo/Co-op,40 W 3rd Ave #603,San Mateo,94402,2268000,2,2.0,SAN MATEO,2300
Single Family Residential,32728 Shaver Lake St,Fremont,94555,1938000,4,2.5,FREMONT,1889
Condo/Co-op,986 Kiely Blvd Unit D,Santa Clara,95051,598888,2,1.0,Santa Clara,882
Townhouse,Plan 7B Plan,Mountain View,94040,1490990,2,2.5,Mountain View,1153
Townhouse,35496 Monterra Cir,Union City,94587,699000,2,2.0,ALAMEDA,1015
Multi-Family (2-4 Unit),1360 Dubert Ln,San Jose,95122,1375000,7,4.0,SAN JOSE,2734
Condo/Co-op,39975 Cedar Blvd #242,Newark,94560,599998,2,2.0,NEWARK,1071
Condo/Co-op,1097 Green St #6,San Francisco,94133,1275000,1,1.0,SF District 8,1040
Single Family Residential,6275 Thornton Ave,Newark,94560,1350000,4,1.0,CENTRAL NEWARK,1148
Condo/Co-op,169 Belvedere St,San Francisco,94117,1295000,2,1.5,SF District 5,1035
Condo/Co-op,308 Torrey Pine Ter #604,Sunnyvale,94086,2406871,3,3.5,Sunnyvale,2734
Single Family Residential,8159 Peachtree Ave,Newark,94560,1550000,4,2.0,Newark,1708
Single Family Residential,4161 Horizon Ct,San Jose,95148,2295000,5,3.0,SAN JOSE,2757
Single Family Residential,121 Santa Rita Ave,Palo Alto,94301,3495000,2,1.0,PALO ALTO,1085
Single Family Residential,4019 Fernwood St,San Mateo,94403,2350000,5,3.0,SAN MATEO,2360
Condo/Co-op,1 Baldwin Ave #517,San Mateo,94401,600000,2,2.0,SAN MATEO,1429
Condo/Co-op,1730 Halford Ave #353,Santa Clara,95051,449000,1,1.0,SANTA CLARA,678
Condo/Co-op,880 E Fremont #701,Sunnyvale,94087,645000,1,1.0,PANAMA PARK,712
Single Family Residential,3265-7 Mission St,San Francisco,94110,1995950,3,1.0,MISSION,3077
Single Family Residential,9052 Enterprise Dr,Newark,94560,1461536,3,3.5,Newark,2152
Condo/Co-op,461 2nd St Unit 135C,San Francisco,94107,1200000,1,1.0,SF District 9,1317
Condo/Co-op,308 Torrey Pine Ter #113,Sunnyvale,94086,1767080,3,2.5,Sunnyvale,2121
Other,7039 Geary Blvd,San Francisco,94121,2480000,6,6.0,SAN FRANCISCO,2646
Single Family Residential,4407 Hendrix Ct,San Jose,95124,1788000,3,2.0,SAN JOSE,1512
Condo/Co-op,239 Elm St #6,San Mateo,94401,879000,2,2.0,SAN MATEO,1040
Single Family Residential,1549 Jupiter Way,Milpitas,95035,1729000,6,4.0,MILPITAS,2114
Single Family Residential,1421 Blossom Hill Rd,San Jose,95118,1500000,3,2.0,SAN JOSE,1189
Condo/Co-op,2230 California St,San Francisco,94115,845000,1,1.0,SF District 7,744
Single Family Residential,30793 Vallejo St,Union City,94587,3995000,3,2.0,UNION CITY,1441
Condo/Co-op,504 Mendocino Way,Redwood City,94065,1397000,3,2.5,Redwood City,1733
Single Family Residential,1308 Harker Ave,Palo Alto,94301,10270000,7,7.5,Palo Alto,5903
Condo/Co-op,1883 Agnew Rd #366,Santa Clara,95054,749000,1,1.0,SANTA CLARA,870
Condo/Co-op,1 Steuart Ln #906,San Francisco,94105,7200000,3,3.0,SF District 9,2559
Condo/Co-op,2462 W Bayshore Rd #6,Palo Alto,94303,770000,2,1.0,PALO ALTO,906
Mobile/Manufactured Home,2053 East Bayshore Rd #29,Redwood City,94063,325000,3,2.0,REDWOOD CITY,1096
Single Family Residential,1697 Big Bend Dr,Milpitas,95035,1598888,4,2.0,MILPITAS,1451
Multi-Family (2-4 Unit),3535 Webster St,San Francisco,94123,3650000,6,3.0,SAN FRANCISCO,4014
Condo/Co-op,480 Mission Bay Blvd #318,San Francisco,94158,1549000,2,2.0,SF District 9,1357
Single Family Residential,240 Wilton Ave,Palo Alto,94306,3680000,4,4.0,Palo Alto,2055
Condo/Co-op,901 Bayshore Blvd #307,San Francisco,94124,595000,2,2.0,SF District 10,1095
Single Family Residential,1979 Momentum Dr,Milpitas,95035,1688000,3,3.5,MILPITAS,2497
Condo/Co-op,276 Galano Plz,Union City,94587,585000,2,2.0,MISSION VILLAGE,880
Condo/Co-op,820 N Delaware St #410,San Mateo,94401,738000,2,1.0,SAN MATEO,974
Townhouse,181 Centre St #28,Mountain View,94041,1315000,2,2.0,Mountain View,1268
Condo/Co-op,10 Scenic Way #213,San Mateo,94403,749000,2,2.0,SAN MATEO,1080
Single Family Residential,10180 Cinnabar Hills Rd,San Jose,95120,2500000,5,3.5,SAN JOSE,5741
Single Family Residential,4577 Niland St,Union City,94587,2488950,5,4.0,UNION CITY,3160
Condo/Co-op,1087 N Abbott Ave,Milpitas,95035,888888,3,2.0,Milpitas,1174
Condo/Co-op,2250 Monroe St #167,Santa Clara,95050,700000,2,1.0,SANTA CLARA,858
Condo/Co-op,3531 Ivalynn Cir,San Jose,95132,798000,2,2.0,SAN JOSE,934
Single Family Residential,2118 Yosemite Dr,Milpitas,95035,1998888,4,3.0,MILPITAS,2029
Single Family Residential,1 Engle Rd,San Mateo,94402,1450000,3,2.0,SAN MATEO,1380
Townhouse,1669 Kentfield Ave,Redwood City,94061,1288000,3,2.5,REDWOOD CITY,1530
Condo/Co-op,Plan 4 Plan,Sunnyvale,94089,1544990,2,2.5,Sunnyvale,1535
Condo/Co-op,1317 Hyde St #4,San Francisco,94109,1245000,2,1.5,SF District 8,1252
Mobile/Manufactured Home,1201 Sycamore Ter #122,Sunnyvale,94086,199999,2,1.0,SUNNYVALE,840
Single Family Residential,1455 Palou Ave,San Francisco,94124,829000,3,2.0,SF District 10,1025
Condo/Co-op,Wilcox Plan,Sunnyvale,94086,1584995,2,2.5,Sunnyvale,1658
Townhouse,4064 Marshall Ter,Fremont,94536,999888,2,2.5,FREMONT,1228
Multi-Family (5+ Unit),530 Columbia Ave,Sunnyvale,94085,2200000,9,7.0,SUNNYVALE,4101
Single Family Residential,439 Detroit St,San Francisco,94131,1998000,4,2.5,SF District 4,1956
Townhouse,2498 Autumnvale Ave,San Jose,95131,1100000,3,3.0,San Jose,1536
Townhouse,43674 Ellsworth St #2,Fremont,94539,999999,2,2.0,MISSION,1068
Single Family Residential,4602 Middle Park Dr,San Jose,95135,2998000,5,4.0,SAN JOSE,3811
Multi-Family (5+ Unit),538 Columbia Ave,Sunnyvale,94085,2099999,9,7.0,SUNNYVALE,4101
Townhouse,1655 Agnew Rd #6,Santa Clara,95054,1199000,3,3.0,Santa Clara,1645
Condo/Co-op,144 S 3rd St #505,San Jose,95112,515000,1,1.0,Central San Jose,1023
Mobile/Manufactured Home,165 Blossom Hill Rd #312,San Jose,95123,334000,3,2.0,SAN JOSE,1002
Single Family Residential,3412 Market St,San Francisco,94114,2345689,3,2.0,SF District 5,1468
Single Family Residential,846 A-B Highland Ave,San Mateo,94401,2575000,2,1.0,SAN MATEO,2425
Single Family Residential,723 Laurelwood Dr,San Mateo,94403,3295000,3,2.5,SAN MATEO,2310
Condo/Co-op,1031 Crestview Dr #108,Mountain View,94040,629000,1,1.0,MOUNTAIN VIEW,855
Multi-Family (2-4 Unit),1120 Davis St,Redwood City,94061,1528000,5,3.0,REDWOOD CITY,2887
Single Family Residential,1149 S Daniel Way,San Jose,95128,3198888,4,3.0,San Jose,2336
Single Family Residential,37877 Blacow Rd,Fremont,94536,1599900,3,2.0,GLENMOOR,1615
Condo/Co-op,1 Baldwin Ave #816,San Mateo,94401,279000,2,2.0,SAN MATEO,1100
Single Family Residential,2418 30th Ave,San Francisco,94116,1895000,5,4.0,SAN FRANCISCO,2464
Townhouse,Residence 2B Plan,Fremont,94538,1098880,3,2.0,Fremont,1523
Condo/Co-op,2287 Vista Del Mar,San Mateo,94404,1199999,3,2.5,San Mateo,1476
Townhouse,6204 Barb Werner,San Jose,95119,699900,2,2.0,Santa Teresa,859
Townhouse,6 Havenridge Ct,San Mateo,94402,1575000,3,2.5,San Mateo,1770
Multi-Family (5+ Unit),527 E Taylor Ave,Sunnyvale,94085,2995000,9,8.0,SUNNYVALE,4308
Condo/Co-op,1375 Lick Ave #120,San Jose,95110,574000,1,1.0,SAN JOSE,733
Multi-Family (2-4 Unit),1656 Queen Charlotte Dr,Sunnyvale,94087,1999000,8,4.0,SUNNYVALE,3446
Single Family Residential,2816 23rd St,San Francisco,94110,1089000,4,3.5,SF District 9,1856
Single Family Residential,355 Palo Alto Ave,Mountain View,94041,2698000,3,2.0,MOUNTAIN VIEW,1512
Condo/Co-op,2555 Gimelli Ct #61,San Jose,95133,719950,3,2.0,SAN JOSE,1103
Townhouse,6189 Thornton Ave Unit D,Newark,94560,728888,2,2.5,NEWARK,1166
Condo/Co-op,3334 Clay St,San Francisco,94118,1695000,3,2.5,SF District 7,2150
Mobile/Manufactured Home,1500 Virginia Pl #161,San Jose,95116,219999,3,2.0,SAN JOSE,923
Condo/Co-op,3578 Rambla Pl #133,Santa Clara,95051,1588000,1,1.5,LAWRENCE,1840
Townhouse,44903 Bandwidth Cmn #1001,Fremont,94538,1163880,2,2.5,Fremont,1291
Condo/Co-op,2303 Warfield Way Unit B,San Jose,95122,659999,2,1.0,SAN JOSE,885
Condo/Co-op,880 E Fremont Ave #725,Sunnyvale,94087,818000,2,2.0,SUNNYVALE,930
Single Family Residential,3085 Senter Rd,San Jose,95111,1099888,4,2.0,San Jose,1241
Condo/Co-op,38 N Almaden #506,San Jose,95110,685000,1,1.0,Central San Jose,790
Condo/Co-op,980 Kiely Blvd #215,Santa Clara,95051,409888,1,1.0,SANTA CLARA,622
Condo/Co-op,2250 Monroe St #260,Santa Clara,95050,729888,2,2.0,SANTA CLARA,913
Single Family Residential,206 Velvetlake Dr,Sunnyvale,94089,1498000,3,2.0,SUNNYVALE,1108
Condo/Co-op,1412 Alegria Loop,San Jose,95128,935000,2,2.5,SAN JOSE,1860
Townhouse,44903 Bandwidth Cmn #1008,Fremont,94538,1183880,2,2.5,Fremont,1329
Condo/Co-op,2250 Monroe St #104,Santa Clara,95050,549900,1,1.0,SANTA CLARA,716
Condo/Co-op,688 Mariners Island Blvd #112,San Mateo,94404,568000,1,1.0,SAN MATEO,706
Mobile/Manufactured Home,"1225 Vienna Drive, #725 Plan",CA,94089,319900,2,3.0,Sunnyvale
Townhouse,777 Hollenbeck Ave Unit 11L,Sunnyvale,94087,1598000,3,2.5,SUNNYVALE,1580
Condo/Co-op,308 Torrey Pine Ter #304,Sunnyvale,94086,1399995,2,2.0,Sunnyvale,1466
Single Family Residential,39061 Applegate Ter,Fremont,94536,1588000,3,2.5,FREMONT,1474
Condo/Co-op,181 Fremont St Unit 68B,San Francisco,94105,12995000,2,2.5,SF District 9,3256
Single Family Residential,808 Gail Ave,Sunnyvale,94086,2488000,4,2.5,SUNNYVALE,1972
Mobile/Manufactured Home,3015 E Bayshore Rd #206,Redwood City,94063,339000,3,2.0,REDWOOD CITY,1000
Single Family Residential,215 El Camino Del Mar,San Francisco,94121,2795000,3,2.0,SF District 1,2160
Condo/Co-op,39997 Cedar Blvd #147,Newark,94560,599998,2,2.0,NEWARK,1071
Single Family Residential,94 Sussex St,San Francisco,94131,1499000,2,2.0,SF District 5,1849
Single Family Residential,1203 Farley St,Mountain View,94043,1980000,3,1.0,MOUNTAIN VIEW,882
Single Family Residential,1458 Kings Ln,Palo Alto,94303,6580000,4,4.5,Palo Alto,2884
Condo/Co-op,1050 North Point St #804,San Francisco,94109,695000,1,1.0,SF District 8,735
Townhouse,401 Northlake Dr #4,San Jose,95117,998000,3,2.5,SAN JOSE,1626
Single Family Residential,70 Granada Ave,San Francisco,94112,1100000,3,2.0,INGELSIDE,1230
Mobile/Manufactured Home,1225 Vienna Dr #725,Sunnyvale,94089,319900,2,3.0,SUNNYVALE,1560
Condo/Co-op,1101 S Main St #118,Milpitas,95035,699000,2,1.0,MILPITAS,926
Single Family Residential,36 Sussex St,San Francisco,94131,1995000,3,2.5,SF District 5,2249
Single Family Residential,1251 Madrona Ave,San Jose,95125,3700000,5,6.0,SAN JOSE,3769
Multi-Family (5+ Unit),5500 Camden Ave,San Jose,95124,10980000,46,46.0,SAN JOSE,29358
Townhouse,124 Holly Ter,Sunnyvale,94086,1450000,3,2.5,Sunnyvale,1570
Condo/Co-op,2200 Sacramento St #701,San Francisco,94115,1695000,2,2.0,SF District 7,1040
Townhouse,Residence T3 Plan,Fremont,94536,1435880,4,2.5,Fremont,1690
Condo/Co-op,1982 W Bayshore Rd #110,East Palo Alto,94303,989000,3,2.0,East Palo Alto,1369
Single Family Residential,998 Governors Bay Dr,Redwood Shores,94065,3398000,5,3.0,Redwood Shores,3040
Condo/Co-op,2040 Franklin St #507,San Francisco,94109,1190000,2,2.0,SF District 7,1110
Condo/Co-op,1995 Barrymore Cmn Unit H,Fremont,94538,585000,2,1.0,Fremont Villas,882
Condo/Co-op,10 Crystal Springs Rd #1503,San Mateo,94402,1550000,2,3.0,SAN MATEO,1698
Condo/Co-op,45378 Tom Blalock St #208,Fremont,94539,950000,2,2.0,Fremont,1265
Mobile/Manufactured Home,Southlake-4bd-2ba Plan,Fremont,94538,429900,4,2.0,Fremont,1404
Multi-Family (5+ Unit),813-817 Kansas St,San Francisco,94107,1995000,9,6.0,SF District 9,4945
Condo/Co-op,1853 Almaden Rd #313,San Jose,95125,709800,2,2.0,SAN JOSE,938
Condo/Co-op,1810 Polk St #202,San Francisco,94109,699000,1,1.0,SF District 8,782
Single Family Residential,39340 Drake Way,Fremont,94538,1599999,4,2.0,FREMONT,1358
Condo/Co-op,45258 Tom Blalock St #403,Fremont,94539,1080000,2,2.5,Not Listed,1608
Single Family Residential,1033 Marilyn Dr,Mountain View,94040,5230000,4,3.5,MOUNTAIN VIEW,2959
Single Family Residential,5902 Deerland Ct,San Jose,95124,3200000,4,3.0,SAN JOSE,3335
Single Family Residential,3756 Versailles Ct,San Jose,95127,1250000,3,2.5,EAST FOOTHILLS,1555
Single Family Residential,14 Peninsula Ave,Burlingame,94010,3999999,4,4.5,BURLINGAME,2301
Condo/Co-op,429 Colony Cove Dr,San Jose,95123,699888,2,1.0,SAN JOSE,919
Condo/Co-op,4691 Albany Cir #135,San Jose,95129,749000,2,2.0,San Jose,1148
Condo/Co-op,1 Baldwin Ave #203,San Mateo,94401,399000,2,2.0,SAN MATEO,1400
Single Family Residential,36673 Bonnie St,Newark,94560,995000,3,1.0,OLDE TOWNE,939
Multi-Family (2-4 Unit),1084-1086 Portola Ave,San Jose,95126,2795000,6,4.0,SAN JOSE,3284
Condo/Co-op,840 Sea Spray Ln #208,Foster City,94404,849000,2,2.0,FOSTER CITY,1233
Condo/Co-op,Asra Plan,Milpitas,95035,1256995,2,2.5,Milpitas,1271
Single Family Residential,7 Wright St,San Francisco,94110,1195000,3,2.0,SF District 9,1600
Single Family Residential,553 3rd Ave,Redwood City,94063,1150000,3,2.0,REDWOOD CITY,1160
Single Family Residential,968 Cashew Way,Fremont,94536,1480000,3,2.0,NILES,1683
Condo/Co-op,1080 Sutter St #604,San Francisco,94109,1178000,3,2.0,SF District 8,1226
Condo/Co-op,6999 Rodling Dr Unit E,San Jose,95138,749000,2,2.5,SAN JOSE,1093
Condo/Co-op,178 Monte Verano Ct,San Jose,95116,395000,1,1.0,SAN JOSE,597
Townhouse,3388 Landess Ave Unit A,San Jose,95132,899888,3,1.5,SAN JOSE,1130
Condo/Co-op,2903 Corvin Dr #115,Santa Clara,95051,1695000,4,3.5,SANTA CLARA,2049
Single Family Residential,2302 Fairglen Dr,San Jose,95125,1998000,4,2.0,SAN JOSE,1663
Single Family Residential,2118 47th Ave,San Francisco,94116,1295000,3,2.0,SF District 2,1997
Condo/Co-op,825 La Playa St #121,San Francisco,94121,835000,2,2.0,SF District 1,1184
Townhouse,935 Glen Valley Ter,Sunnyvale,94085,999000,1,1.5,SUNNYVALE,1071
Condo/Co-op,37486 Parish Cir Unit 19A,Fremont,94536,659000,2,2.0,FREMONT,942
Townhouse,Plan A Plan,San Mateo,94403,2034990,4,3.5,San Mateo,2150
Condo/Co-op,808 Laurel Ave #212,San Mateo,94401,675000,2,1.0,San Mateo,1032
Single Family Residential,1253 Manzano Way,Sunnyvale,94089,1598000,3,2.0,SUNNYVALE,1108
Condo/Co-op,Encina Plan,Sunnyvale,94086,2039995,4,4.0,Sunnyvale,2219
Condo/Co-op,38 N Almaden Blvd #602,San Jose,95110,579000,1,1.0,SAN JOSE,655
Townhouse,Residence F3 Plan,Fremont,94536,1458880,3,2.0,Fremont,1897
Condo/Co-op,Plan 2B Plan,Sunnyvale,94089,1394990,2,2.0,Sunnyvale,1339
Condo/Co-op,1 Baldwin Ave #214,San Mateo,94401,199000,1,1.0,SAN MATEO,968
Mobile/Manufactured Home,"1225 Vienna Drive, #727 Plan",CA,94089,324900,2,3.0,Sunnyvale
Condo/Co-op,Evie Plan,Milpitas,95035,1453995,3,3.0,Milpitas,1886
Single Family Residential,1445 Berksford Way,San Jose,95127,1249999,5,4.0,Mayfair Meadows Annex,1900
Mobile/Manufactured Home,4271 N First St #131,San Jose,95134,415000,2,2.0,SAN JOSE,1527
Townhouse,Plan 3 Plan,Milpitas,95035,1839990,3,4.0,Milpitas,2483
Single Family Residential,214 S 19th St,San Jose,95116,1375000,4,4.0,SAN JOSE,1584
Townhouse,Residence 1B Plan,Fremont,94538,959880,2,2.0,Fremont,1279
Condo/Co-op,1930 Mission St #17,San Francisco,94103,429000,0,1.0,MISSION DISTRICT,343
Condo/Co-op,1 Baldwin Ave #516,San Mateo,94401,319000,2,2.0,SAN MATEO,1100
Single Family Residential,3263 Santa Susana Way,Union City,94587,1539000,5,4.0,Union City,2155
Single Family Residential,310 Colon Ave,San Francisco,94127,1895000,3,2.0,SF District 4,1555
Single Family Residential,125 Nimitz Ave,Redwood City,94061,1598000,2,2.0,REDWOOD CITY,1391
Single Family Residential,3375 Kenyon Dr,Santa Clara,95051,1998000,3,2.0,Santa Clara,1513
Multi-Family (2-4 Unit),43150 Starr St,Fremont,94539,2750500,7,5.0,Fremont,4056
Condo/Co-op,188 Minna St Unit 37B,San Francisco,94105,2498000,2,2.0,SF District 9,1639
Condo/Co-op,350 Church St Unit B,San Francisco,94114,850000,2,1.0,Not Listed,1050
Mobile/Manufactured Home,1111 Morse Ave #21,Sunnyvale,94089,202888,2,2.0,SUNNYVALE,1488
Condo/Co-op,2623 Copa Del Oro Dr,Union City,94587,580000,2,2.0,VILLA DE ORO,908
Condo/Co-op,5677 Pandorea Ter,Newark,94560,1125000,3,3.0,NEWARK,1503
Single Family Residential,430 Homer Ave,Palo Alto,94301,2198000,2,2.0,PALO ALTO,1114
Condo/Co-op,99 E Middlefield Rd #24,Mountain View,94043,850000,2,2.0,Mountain View,1083
Townhouse,Plan B Plan,San Mateo,94403,1699990,2,2.5,San Mateo,1676
Multi-Family (5+ Unit),628 Waverley St,Palo Alto,94301,5550000,15,14.0,PALO ALTO,4200
Condo/Co-op,31 Camp St Unit B,San Francisco,94110,1049000,2,1.0,SF District 5,946
Multi-Family (2-4 Unit),1237 Coronado Dr,Sunnyvale,94086,2528000,9,4.0,Sunnyvale,3763
Single Family Residential,222 Jersey St,San Francisco,94114,2795000,5,7.0,SF District 5,5200
Single Family Residential,37368 Normandy Ter,Fremont,94536,1495000,4,2.5,PERALTA,1631
Condo/Co-op,1 Baldwin Ave #317,San Mateo,94401,599000,2,2.0,SAN MATEO,1429
Condo/Co-op,925 The Alameda #101,San Jose,95126,840000,1,1.5,SAN JOSE,1082
Condo/Co-op,95 Red Rock Way Unit 110M,San Francisco,94131,465000,0,1.0,SF District 4,474
Other,2337-2339 Judah St,San Francisco,94122,1195000,4,2.0,SF District 2,2383
Townhouse,2252 Creek Bed Ct,Santa Clara,95054,999000,2,1.5,SANTA CLARA,1215
Single Family Residential,1851 Tunitas Creek Rd,Half Moon Bay,94019,3175000,3,2.5,HALF MOON BAY,2900
Townhouse,36149 Toulouse St,Newark,94560,1195000,3,3.0,Newark,1455
Condo/Co-op,1301 Indiana St #204,San Francisco,94107,1159000,3,2.0,SF District 9,1450
Condo/Co-op,39935 Parada St Unit B,Newark,94560,699000,2,2.0,waterfdnrt,1301
Single Family Residential,1136 Idaho St,San Jose,95126,1999999,4,3.0,SAN JOSE,3086
Single Family Residential,406 N 18th St,San Jose,95112,1900000,4,4.5,SAN JOSE,2592
Condo/Co-op,3TH Plan,Sunnyvale,94086,1659995,3,2.5,Sunnyvale,1955
Single Family Residential,217 Scotia Ct,Fremont,94539,2899000,4,3.0,MISSION FREMONT,2703
Condo/Co-op,37248 Meadowbrook Cmn #102,Fremont,94536,399000,1,1.0,CENTERVILLE,736
Mobile/Manufactured Home,1111 Morse Ave #209,Sunnyvale,94089,350000,2,2.0,SUNNYVALE,1730
Condo/Co-op,603 Natoma St #408,San Francisco,94103,435000,1,1.0,SF District 9,470
Single Family Residential,6078 Bennington Dr,Newark,94560,1299888,4,2.0,NEWARK,1464
Condo/Co-op,1740 Franklin St #10,San Francisco,94109,1550000,3,1.5,SF District 7,1688
Single Family Residential,648 Colleen Dr,San Jose,95123,1780000,3,2.0,SAN JOSE,1531
Townhouse,390 Meridian Ave,San Jose,95126,998000,3,2.5,SAN JOSE,1696
Condo/Co-op,1850 El Camino Real #421,Santa Clara,95050,1410000,3,2.0,SANTA CLARA,1330
Townhouse,Residence T2 Plan,Fremont,94536,1288880,3,2.5,Fremont,1456
Single Family Residential,971 Calaveras Ridge Dr,Milpitas,95035,5980000,6,5.5,MILPITAS,6633
Condo/Co-op,4015 Wimbledon Ct,San Jose,95135,1025000,2,2.5,SAN JOSE,1675
Townhouse,962 E Duane Ave,Sunnyvale,94085,1650000,4,3.5,AVENUE,1882
Townhouse,Residence F1 Plan,Fremont,94536,1298880,3,2.0,Fremont,1672
Condo/Co-op,5167 Fairbanks Cmn,Fremont,94555,878000,2,2.0,FREMONT,1100
Condo/Co-op,280 Spear St Unit 37B,San Francisco,94105,3495000,3,3.0,SF District 9,2196
Single Family Residential,244 Water Chestnut Ct,San Jose,95111,1198888,4,2.5,San Jose,1948
Townhouse,2727 Montecito Vista Way,San Jose,95111,1230000,4,3.5,SAN JOSE,2126
Single Family Residential,60 N Capitol Ave,San Jose,95127,999000,7,3.0,SAN JOSE,2374
Single Family Residential,827 Chestnut St,Redwood City,94063,1050000,2,1.0,REDWOOD CITY,1160
Multi-Family (2-4 Unit),465 Chiquita Ave,Mountain View,94041,3198000,9,6.0,MOUNTAIN VIEW,4846
Single Family Residential,5854 Chris Dr,San Jose,95123,1438000,4,2.0,SAN JOSE,1634
Townhouse,Residence T1 Plan,Fremont,94536,1198880,3,2.5,Fremont,1407
Single Family Residential,311 Arleta Ave,San Francisco,94134,659000,3,1.0,SF District 10,1330
Townhouse,983 Asilomar Ter #7,Sunnyvale,94086,1499000,3,2.0,SUNNYVALE,1895
Condo/Co-op,880 E Fremont Ave #628,Sunnyvale,94087,579000,1,1.0,SUNNYVALE,733
Condo/Co-op,2903 Corvin Dr #115,Santa Clara,95051,1695000,4,3.5,SANTA CLARA,2049
Single Family Residential,2379 Cresthaven St,Milpitas,95035,1960000,3,2.5,MILPITAS,1953
Single Family Residential,879 Pepper Pl,Milpitas,95035,1398888,3,3.5,MILPITAS,1726
Single Family Residential,3101 Waverly Ave,Redwood City,94063,1598000,3,2.0,REDWOOD CITY,1630
Townhouse,166 Tilton Ave,San Mateo,94401,1160000,2,2.0,SAN MATEO,1330
Single Family Residential,5819 Firestone Ct,San Jose,95138,3298000,5,5.0,SAN JOSE,3408
Single Family Residential,112 Bayview Cir,San Francisco,94124,995000,3,2.0,SF District 10,1594
Single Family Residential,34348 Atteridge Ct,Fremont,94555,1998000,4,2.0,NORTHGATE,1855
Townhouse,358 N El Camino Real #13,San Mateo,94401,989000,2,2.5,SAN MATEO,944
Condo/Co-op,960 Market St #718,San Francisco,94102,415000,0,1.0,SF District 8,365
Single Family Residential,1157 Raposa Dr,San Jose,95121,1799999,5,4.5,San Jose,3307
Single Family Residential,1394 Oslo Ln,San Jose,95118,1648000,3,2.0,San Jose,1273
Single Family Residential,1552 Jefferson Ave,Redwood City,94062,2748000,5,3.0,REDWOOD CITY,2700
Condo/Co-op,1060 S 3rd St #124,San Jose,95112,725000,2,2.0,SAN JOSE,1100
Condo/Co-op,8563 Leeward Way,Newark,94560,1199000,3,3.5,Not Listed,1682
Multi-Family (2-4 Unit),750 Calla Dr,Sunnyvale,94086,2150000,8,4.0,SUNNYVALE,3328
Single Family Residential,4850 Snow Dr,San Jose,95111,999000,3,2.0,San Jose,990
Single Family Residential,76 Chenery St,San Francisco,94131,2695000,4,3.0,SF District 5,2614
Condo/Co-op,2A Plan,Sunnyvale,94086,1409995,2,2.0,Sunnyvale,1462
Single Family Residential,345 Athens St,San Francisco,94112,999888,3,1.5,SAN FRANCISCO,1731
Single Family Residential,1936 Kammerer Ave,San Jose,95116,1000000,3,1.0,Alum Rock,1056
Townhouse,1575 Camden Village Cir,San Jose,95124,1275000,3,2.5,SAN JOSE,1539
Single Family Residential,931 Edinburgh St,San Francisco,94112,850000,2,1.0,SF District 10,1216
Multi-Family (2-4 Unit),676-680 Colorado Ave,Palo Alto,94306,2689900,4,3.5,Palo Alto,1400
Condo/Co-op,219 Kiely Blvd Unit B,Santa Clara,95051,775000,2,2.0,SANTA CLARA,1012
Condo/Co-op,150 Saratoga Ave #330,Santa Clara,95051,720000,2,2.0,SANTA CLARA,1028
Condo/Co-op,11 Franklin St #402,San Francisco,94102,595000,1,1.0,SF District 6,524
Condo/Co-op,851 Van Ness Ave #104,San Francisco,94109,835000,2,2.5,San Francisco,1227
Townhouse,4647 Granada Way,Union City,94587,799000,3,1.0,Union City,1155
Condo/Co-op,38625 Country Cmn,Fremont,94536,670000,2,2.0,Fremont,1003
Condo/Co-op,1608 Marina Ct Unit A,San Mateo,94403,560000,1,1.0,SAN MATEO,590
Condo/Co-op,10 CRYSTAL SPRINGS Rd #1202,San Mateo,94402,1438000,2,2.0,San Mateo,1377
Single Family Residential,10390 Clayton Rd,San Jose,95127,1895000,3,2.0,SAN JOSE,1515
Condo/Co-op,10 Crystal Springs Rd #1405,San Mateo,94402,1688888,2,2.0,SAN MATEO,1732
Condo/Co-op,1750 Halford Ave #302,Santa Clara,95051,648000,2,2.0,SANTA CLARA,983
Single Family Residential,33712 14th St,Union City,94587,999888,3,1.5,ALAMEDA COUNTY,814
Townhouse,985 Asilomar Ter #1,Sunnyvale,94086,1398000,3,3.5,SUNNYVALE,1586
Single Family Residential,1336 Eddy St,San Francisco,94115,1295000,3,2.0,SF District 6,1900
Single Family Residential,6099 Bigelow Ct,San Jose,95123,1325000,3,2.0,SAN JOSE,1143
Condo/Co-op,49080 Meadowfaire Cmn #304,Fremont,94539,849500,2,2.0,MAYFAIR PARK,1114
Single Family Residential,6598 Picardy Pl,Newark,94560,1349999,3,2.0,Newark,1100
Single Family Residential,956 S 9th St,San Jose,95112,1398000,3,2.0,SAN JOSE,1760
Single Family Residential,1109 Lincoln Ct,San Jose,95125,1368888,2,2.0,SAN JOSE,1118
Townhouse,Plan 1 Plan,Palo Alto,94303,1720000,3,3.0,Palo Alto,1436
Townhouse,Plan TD Plan,Cupertino,95014,2606990,4,3.5,Cupertino,2075
Mobile/Manufactured Home,4271 N First St #131,San Jose,95134,415000,2,2.0,SAN JOSE,1527
Townhouse,21402 Dana Point Ln,Cupertino,95014,1987990,3,3.0,Cupertino,1596
Single Family Residential,812 Cotton Tail Ave,San Jose,95116,948000,3,2.0,SAN JOSE,1120
Condo/Co-op,60 Rausch St #401,San Francisco,94103,1395000,3,2.5,SF District 9,1703
Condo/Co-op,1601 Pacific Ave #201,San Francisco,94109,1299000,2,2.0,SF District 8,1319
Single Family Residential,Residence 3X Plan,Newark,94560,1535880,4,3.5,Newark,2460
Single Family Residential,245 Heacox Rd,Woodside,94062,3872000,5,5.0,WOODSIDE,5740
Townhouse,Plan 2 Plan,Milpitas,95035,1499990,4,3.5,Milpitas,1847
Condo/Co-op,1610 Sacramento St #7,San Francisco,94109,1195000,2,2.0,SAN FRANCISCO,1167
Other,3144-3148 22nd St,San Francisco,94110,1895000,9,3.0,SF District 9,4339
Condo/Co-op,4691 Albany Cir #135,San Jose,95129,749000,2,2.0,San Jose,1148
Townhouse,222 Carroll St #1,Sunnyvale,94086,888520,3,2.5,SUNNYVALE,1497
Condo/Co-op,1839 15th St #160,San Francisco,94103,1095000,3,2.0,SF District 5,1144
Mobile/Manufactured Home,3015 E Bayshore Rd #191,Redwood City,94063,349000,3,2.0,REDWOOD CITY,1060
Condo/Co-op,35530 Monterra Ter #302,Union City,94587,638888,2,2.0,MONTE VISTA,1007
Single Family Residential,16162 E Mozart Ave,Los Gatos,95032,3949000,5,4.5,LOS GATOS,3826
Mobile/Manufactured Home,690 Persian Dr #52,Sunnyvale,94085,439900,3,2.0,SUNNYVALE,1800
Single Family Residential,4 W Santa Inez Ave,San Mateo,94402,1450000,4,1.0,San Mateo,1350
Mobile/Manufactured Home,440 Moffet #86,Mountain View,94043,299900,2,2.0,MOUNTAIN VIEW,720
Single Family Residential,1185 Clark St,San Jose,95125,2099950,4,3.0,SAN JOSE,2497
Single Family Residential,1150 White Pine Ter,Sunnyvale,94086,2795000,4,3.0,SUNNYVALE,2376
Condo/Co-op,301 Mission St Unit 18E,San Francisco,94105,850000,2,2.0,SAN FRANCISCO,1098
Multi-Family (2-4 Unit),327-329 Edwards Ave,San Jose,95110,1250000,5,3.0,SAN JOSE,2020
Condo/Co-op,37474 Parish Cir Unit 19G,Fremont,94536,639900,2,2.0,FREMONT,942
Condo/Co-op,761 Tehama St #13,San Francisco,94103,699000,1,1.5,SF District 9,890
Townhouse,1093 Gaviota Ter,Sunnyvale,94085,1590000,4,3.5,SUNNYVALE,1906
Condo/Co-op,137 Aurora Plz,Union City,94587,483000,2,1.0,UNION CITY,685
Condo/Co-op,960 Market St #710,San Francisco,94102,420000,0,1.0,SF District 8,399
Single Family Residential,74 N 26th St,San Jose,95116,795000,2,1.0,SAN JOSE,651
Condo/Co-op,1101 Artemisia Ter #4,Sunnyvale,94086,2086931,4,4.0,Sunnyvale,2220
Single Family Residential,407 Silver Ave,San Francisco,94112,1099000,5,3.0,SF District 10,2076
Single Family Residential,308 Crest Dr,San Jose,95127,1400000,3,3.0,SAN JOSE,1700
Multi-Family (2-4 Unit),1241 Coronado Dr,Sunnyvale,94086,2528000,9,4.0,Sunnyvale,3763
Single Family Residential,1488 Sunland Ct,San Jose,95130,2280000,4,2.0,SAN JOSE,1883
Single Family Residential,350 Portola Dr,San Mateo,94403,2795000,3,2.0,SAN MATEO,2025
Multi-Family (2-4 Unit),127 & 133 N Delaware St,San Mateo,94401,3200000,8,4.0,SAN MATEO,4082
Single Family Residential,309 Otono Ct,San Jose,95111,1100000,3,2.5,SAN JOSE,1641
Single Family Residential,77B Claremont Ave,Redwood City,94062,3688000,6,5.5,Redwood City,4200
Condo/Co-op,4984 Bridgepointe Pl,Union City,94587,489900,1,1.0,UNION CITY,672
Single Family Residential,250 Nice Ct,Redwood Shores,94065,2688800,5,3.0,Redwood Shores,2130
Single Family Residential,340 Yerba Buena Ave,San Francisco,94127,1899000,3,2.0,SF District 4,1560
Townhouse,1372 Sydney Dr,Sunnyvale,94087,1988000,4,2.5,SUNNYVALE,1871
Townhouse,1009 Jena Ter,Sunnyvale,94089,1688000,4,3.5,SUNNYVALE,1725
Townhouse,Residence 1A1 Plan,Fremont,94538,1143880,2,2.5,Fremont,1291
Multi-Family (5+ Unit),11 Broderick St,San Francisco,94117,2000000,5,4.0,SF District 5,3350
Single Family Residential,46 Morse Ln,Redwood City,94062,2300000,4,3.0,REDWOOD CITY,3110
Single Family Residential,96 Huntington Dr,San Francisco,94132,1598000,6,4.0,SF District 3,2120
Mobile/Manufactured Home,1201 Sycamore Ter #122,Sunnyvale,94086,199999,2,1.0,SUNNYVALE,840
Single Family Residential,3939 Kingridge Dr,San Mateo,94403,2595000,5,3.0,SAN MATEO,2470
Townhouse,139 Escobar Ave,Los Gatos,95032,1225000,2,2.0,LOS GATOS,1015
Condo/Co-op,10 Crystal Springs Rd #1206,San Mateo,94402,1695000,2,2.5,SAN MATEO,1579
Condo/Co-op,165 Silcreek Dr,San Jose,95116,649000,2,2.0,SAN JOSE,1313
Single Family Residential,1104 Eden Bower Ln,Redwood City,94061,2448000,3,2.5,REDWOOD CITY,2000
Townhouse,607 La Maison Dr,San Jose,95128,779000,2,2.0,SAN JOSE,1084
Condo/Co-op,3045 Los Prados St #215,San Mateo,94403,675000,2,2.0,SAN MATEO,956
Condo/Co-op,25 Jennifer Pl,San Francisco,94107,725000,1,1.0,SOMA,1157
Condo/Co-op,631 Ofarrell St #2101,San Francisco,94109,3250000,3,3.5,SF District 8,3545
Multi-Family (2-4 Unit),7510 Snow Ave,Newark,94560,1188000,7,4.0,NEWARK,3098
Single Family Residential,2128 Petersburg Dr,Milpitas,95035,1575000,3,2.5,MILPITAS,1495
Single Family Residential,36714 Ada Ave,Fremont,94536,1475000,3,2.0,CABRILLO,1475
Multi-Family (5+ Unit),1504 S Claremont St,San Mateo,94402,3658000,8,8.0,SAN MATEO,5911
Townhouse,Plan 3 Plan,Mountain View,94040,1755990,3,2.5,Mountain View,1502
Condo/Co-op,1568 Indiana St #2,San Francisco,94107,989000,1,2.0,SF District 9,1407
Townhouse,44669 Wisdom Rd,Fremont,94538,1568000,4,3.5,FREMONT,2112
Condo/Co-op,130 E San Fernando St #508,San Jose,95112,829000,2,2.0,SAN JOSE,1622
Multi-Family (2-4 Unit),207 Wayland St,San Francisco,94134,1299000,6,4.0,San Francisco,2000
Condo/Co-op,39935 Parada St Unit B,Newark,94560,699000,2,2.0,waterfdnrt,1301
Single Family Residential,16160 E Mozart Ave,Los Gatos,95032,3399000,5,4.5,LOS GATOS,3267
Single Family Residential,3055 Beard Rd,Fremont,94555,1325000,3,2.5,NORTH GATE,1406
Townhouse,132 Incense Ter,Sunnyvale,94086,1498000,3,3.5,SUNNYVALE,1683
Single Family Residential,1190 Adler Ct,Fremont,94536,1750000,3,2.0,Fremont,1843
Condo/Co-op,505 Cypress Point Dr #209,Mountain View,94043,875000,2,2.0,MOUNTAIN VIEW,1105
Condo/Co-op,400 Siam Ter #5,Sunnyvale,94089,1520215,2,2.0,Sunnyvale,1357
Condo/Co-op,2130 Harrison St #9,San Francisco,94110,995000,1,1.5,SF District 9,970
Single Family Residential,1073 S Daniel Way,San Jose,95128,1850000,4,2.5,SAN JOSE,1950
Single Family Residential,907 Elizabeth St,Alviso,95002,1150000,2,2.0,ALVISO,1150
Single Family Residential,3068 Reynolds Ct,Fremont,94536,1600000,4,2.5,BROOKVALE,1980
Condo/Co-op,144 S 3rd St #316,San Jose,95112,799000,2,2.0,SAN JOSE,1421
Mobile/Manufactured Home,555 Umbarger Rd #107,San Jose,95111,339900,2,2.0,SAN JOSE,1280
Townhouse,Residence 3A Plan,Fremont,94538,1099880,3,2.0,Fremont,1502
Townhouse,2243 Armada Way,San Mateo,94404,998800,2,2.5,SAN MATEO,1200
Condo/Co-op,401 Harrison St Unit 41B,San Francisco,94105,3199980,3,3.0,San Francisco,1980
